<?xml version="1.0" encoding="UTF-8"?><scenario name="CCSP450">
    <world>
        <region name="USA">
            <ghgpolicy name="CO2_LUC">
                <market>USA</market>
            
                <fixedTax year="2020">4</fixedTax>
                <fixedTax year="2025">20</fixedTax>
                <fixedTax year="2030">30</fixedTax>
                <fixedTax year="2035">80</fixedTax>
                <fixedTax year="2040">120</fixedTax>
                <fixedTax year="2045">180</fixedTax>
                <fixedTax year="2050">240</fixedTax>
            </ghgpolicy>
        </region>
    </world>
</scenario>
