<?xml version="1.0" encoding="UTF-8"?>
<scenario>
   <world>
      <region name="USA">
         <policy-portfolio-standard name="DAC-ceiling">
            <market>USA</market>
            <policyType>tax</policyType>
            <constraint year="2020">5.5</constraint>
            <constraint year="2025">5.5</constraint>
            <constraint year="2030">5.5</constraint>
            <constraint year="2035">5.5</constraint>
            <constraint year="2040">5.5</constraint>
            <constraint year="2045">27.27</constraint>
            <constraint year="2050">54.6</constraint>
         </policy-portfolio-standard>
      </region>
   </world>
</scenario>
