<?xml version="1.0" encoding="UTF-8"?>
<scenario>
    <world>
        <region name = "USA">
            <supplysector name = "electricity">
                <subsector name = "gas">
                    <technology name = "gas (steam/CT)">
                        <period year = "2015">
                            <input-tax name = "gas-elec-ceiling"/>
                        </period>
                        <period year = "2020">
                            <input-tax name = "gas-elec-ceiling"/>
                        </period>
                        <period year = "2025">
                            <input-tax name = "gas-elec-ceiling"/>
                        </period>
                        <period year = "2030">
                            <input-tax name = "gas-elec-ceiling"/>
                        </period>
                        <period year = "2035">
                            <input-tax name = "gas-elec-ceiling"/>
                        </period>
                        <period year = "2040">
                            <input-tax name = "gas-elec-ceiling"/>
                        </period>
                        <period year = "2045">
                            <input-tax name = "gas-elec-ceiling"/>
                        </period>
                        <period year = "2050">
                            <input-tax name = "gas-elec-ceiling"/>
                        </period>
                        <period year = "2055">
                            <input-tax name = "gas-elec-ceiling"/>
                        </period>
                        <period year = "2060">
                            <input-tax name = "gas-elec-ceiling"/>
                        </period>
                        <period year = "2065">
                            <input-tax name = "gas-elec-ceiling"/>
                        </period>
                        <period year = "2070">
                            <input-tax name = "gas-elec-ceiling"/>
                        </period>
                        <period year = "2075">
                            <input-tax name = "gas-elec-ceiling"/>
                        </period>
                        <period year = "2080">
                            <input-tax name = "gas-elec-ceiling"/>
                        </period>
                        <period year = "2085">
                            <input-tax name = "gas-elec-ceiling"/>
                        </period>
                        <period year = "2090">
                            <input-tax name = "gas-elec-ceiling"/>
                        </period>
                        <period year = "2095">
                            <input-tax name = "gas-elec-ceiling"/>
                        </period>
                        <period year = "2100">
                            <input-tax name = "gas-elec-ceiling"/>
                        </period>
                    </technology>
                    <technology name = "gas (CC)">
                        <period year = "2015">
                            <input-tax name = "gas-elec-ceiling"/>
                        </period>
                        <period year = "2020">
                            <input-tax name = "gas-elec-ceiling"/>
                        </period>
                        <period year = "2025">
                            <input-tax name = "gas-elec-ceiling"/>
                        </period>
                        <period year = "2030">
                            <input-tax name = "gas-elec-ceiling"/>
                        </period>
                        <period year = "2035">
                            <input-tax name = "gas-elec-ceiling"/>
                        </period>
                        <period year = "2040">
                            <input-tax name = "gas-elec-ceiling"/>
                        </period>
                        <period year = "2045">
                            <input-tax name = "gas-elec-ceiling"/>
                        </period>
                        <period year = "2050">
                            <input-tax name = "gas-elec-ceiling"/>
                        </period>
                        <period year = "2055">
                            <input-tax name = "gas-elec-ceiling"/>
                        </period>
                        <period year = "2060">
                            <input-tax name = "gas-elec-ceiling"/>
                        </period>
                        <period year = "2065">
                            <input-tax name = "gas-elec-ceiling"/>
                        </period>
                        <period year = "2070">
                            <input-tax name = "gas-elec-ceiling"/>
                        </period>
                        <period year = "2075">
                            <input-tax name = "gas-elec-ceiling"/>
                        </period>
                        <period year = "2080">
                            <input-tax name = "gas-elec-ceiling"/>
                        </period>
                        <period year = "2085">
                            <input-tax name = "gas-elec-ceiling"/>
                        </period>
                        <period year = "2090">
                            <input-tax name = "gas-elec-ceiling"/>
                        </period>
                        <period year = "2095">
                            <input-tax name = "gas-elec-ceiling"/>
                        </period>
                        <period year = "2100">
                            <input-tax name = "gas-elec-ceiling"/>
                        </period>
                    </technology>
                    <technology name = "gas (CC CCS)">
                        <period year = "2015">
                            <input-tax name = "gas-elec-ceiling"/>
                        </period>
                        <period year = "2020">
                            <input-tax name = "gas-elec-ceiling"/>
                        </period>
                        <period year = "2025">
                            <input-tax name = "gas-elec-ceiling"/>
                        </period>
                        <period year = "2030">
                            <input-tax name = "gas-elec-ceiling"/>
                        </period>
                        <period year = "2035">
                            <input-tax name = "gas-elec-ceiling"/>
                        </period>
                        <period year = "2040">
                            <input-tax name = "gas-elec-ceiling"/>
                        </period>
                        <period year = "2045">
                            <input-tax name = "gas-elec-ceiling"/>
                        </period>
                        <period year = "2050">
                            <input-tax name = "gas-elec-ceiling"/>
                        </period>
                        <period year = "2055">
                            <input-tax name = "gas-elec-ceiling"/>
                        </period>
                        <period year = "2060">
                            <input-tax name = "gas-elec-ceiling"/>
                        </period>
                        <period year = "2065">
                            <input-tax name = "gas-elec-ceiling"/>
                        </period>
                        <period year = "2070">
                            <input-tax name = "gas-elec-ceiling"/>
                        </period>
                        <period year = "2075">
                            <input-tax name = "gas-elec-ceiling"/>
                        </period>
                        <period year = "2080">
                            <input-tax name = "gas-elec-ceiling"/>
                        </period>
                        <period year = "2085">
                            <input-tax name = "gas-elec-ceiling"/>
                        </period>
                        <period year = "2090">
                            <input-tax name = "gas-elec-ceiling"/>
                        </period>
                        <period year = "2095">
                            <input-tax name = "gas-elec-ceiling"/>
                        </period>
                        <period year = "2100">
                            <input-tax name = "gas-elec-ceiling"/>
                        </period>
                    </technology>
                </subsector>
            </supplysector>
            <policy-portfolio-standard name = "gas-elec-ceiling">
                <market>USA</market>
                <policyType>tax</policyType>
                <constraint year = "2015">100</constraint>
                <constraint year = "2020">5.9</constraint>
                <constraint year = "2025">100</constraint>
                <constraint year = "2030">100</constraint>
                <constraint year = "2035">100</constraint>
                <constraint year = "2040">100</constraint>
                <constraint year = "2045">100</constraint>
                <constraint year = "2050">100</constraint>
                <constraint year = "2055">100</constraint>
                <constraint year = "2060">100</constraint>
                <constraint year = "2065">100</constraint>
                <constraint year = "2070">100</constraint>
                <constraint year = "2075">100</constraint>
                <constraint year = "2080">100</constraint>
                <constraint year = "2085">100</constraint>
                <constraint year = "2090">100</constraint>
                <constraint year = "2095">100</constraint>
                <constraint year = "2100">100</constraint>
            </policy-portfolio-standard>
        </region>
    </world>
</scenario>
