<scenario>
    <world>
        <region name = "EU-15">
            <supplysector name = "electricity">
                <subsector name = "nuclear">
                    <share-weight year = "2020">0</share-weight>
                    <share-weight year = "2025">0</share-weight>
                    <share-weight year = "2030">0</share-weight>
                    <share-weight year = "2035">0</share-weight>
                    <share-weight year = "2040">0</share-weight>
                    <share-weight year = "2045">0</share-weight>
                    <share-weight year = "2050">0</share-weight>
                    <share-weight year = "2055">0</share-weight>
                    <share-weight year = "2060">0</share-weight>
                    <share-weight year = "2065">0</share-weight>
                    <share-weight year = "2070">0</share-weight>
                    <share-weight year = "2075">0</share-weight>
                    <share-weight year = "2080">0</share-weight>
                    <share-weight year = "2085">0</share-weight>
                    <share-weight year = "2090">0</share-weight>
                    <share-weight year = "2095">0</share-weight>
                    <share-weight year = "2100">0</share-weight>
                </subsector>
                <subsector name = "coal">
                    <stub-technology name = "coal (conv pul)">
                        <period year = "2020">
                            <share-weight>0</share-weight>
                        </period>
                        <period year = "2025">
                            <share-weight>0</share-weight>
                        </period>
                        <period year = "2030">
                            <share-weight>0</share-weight>
                        </period>
                        <period year = "2035">
                            <share-weight>0</share-weight>
                        </period>
                        <period year = "2040">
                            <share-weight>0</share-weight>
                        </period>
                        <period year = "2045">
                            <share-weight>0</share-weight>
                        </period>
                        <period year = "2050">
                            <share-weight>0</share-weight>
                        </period>
                        <period year = "2055">
                            <share-weight>0</share-weight>
                        </period>
                        <period year = "2060">
                            <share-weight>0</share-weight>
                        </period>
                        <period year = "2065">
                            <share-weight>0</share-weight>
                        </period>
                        <period year = "2070">
                            <share-weight>0</share-weight>
                        </period>
                        <period year = "2075">
                            <share-weight>0</share-weight>
                        </period>
                        <period year = "2080">
                            <share-weight>0</share-weight>
                        </period>
                        <period year = "2085">
                            <share-weight>0</share-weight>
                        </period>
                        <period year = "2090">
                            <share-weight>0</share-weight>
                        </period>
                        <period year = "2095">
                            <share-weight>0</share-weight>
                        </period>
                        <period year = "2100">
                            <share-weight>0</share-weight>
                        </period>
                    </stub-technology>
                    <stub-technology name = "coal (IGCC)">
                        <period year = "2020">
                            <share-weight>0</share-weight>
                        </period>
                        <period year = "2025">
                            <share-weight>0</share-weight>
                        </period>
                        <period year = "2030">
                            <share-weight>0</share-weight>
                        </period>
                        <period year = "2035">
                            <share-weight>0</share-weight>
                        </period>
                        <period year = "2040">
                            <share-weight>0</share-weight>
                        </period>
                        <period year = "2045">
                            <share-weight>0</share-weight>
                        </period>
                        <period year = "2050">
                            <share-weight>0</share-weight>
                        </period>
                        <period year = "2055">
                            <share-weight>0</share-weight>
                        </period>
                        <period year = "2060">
                            <share-weight>0</share-weight>
                        </period>
                        <period year = "2065">
                            <share-weight>0</share-weight>
                        </period>
                        <period year = "2070">
                            <share-weight>0</share-weight>
                        </period>
                        <period year = "2075">
                            <share-weight>0</share-weight>
                        </period>
                        <period year = "2080">
                            <share-weight>0</share-weight>
                        </period>
                        <period year = "2085">
                            <share-weight>0</share-weight>
                        </period>
                        <period year = "2090">
                            <share-weight>0</share-weight>
                        </period>
                        <period year = "2095">
                            <share-weight>0</share-weight>
                        </period>
                        <period year = "2100">
                            <share-weight>0</share-weight>
                        </period>
                    </stub-technology>
                    <stub-technology name = "coal (IGCC CCS)">
                        <period year = "2020">
                            <share-weight>0</share-weight>
                        </period>
                        <period year = "2025">
                            <share-weight>0</share-weight>
                        </period>
                        <period year = "2030">
                            <share-weight>0</share-weight>
                        </period>
                        <period year = "2035">
                            <share-weight>0</share-weight>
                        </period>
                        <period year = "2040">
                            <share-weight>0</share-weight>
                        </period>
                        <period year = "2045">
                            <share-weight>0</share-weight>
                        </period>
                        <period year = "2050">
                            <share-weight>0</share-weight>
                        </period>
                        <period year = "2055">
                            <share-weight>0</share-weight>
                        </period>
                        <period year = "2060">
                            <share-weight>0</share-weight>
                        </period>
                        <period year = "2065">
                            <share-weight>0</share-weight>
                        </period>
                        <period year = "2070">
                            <share-weight>0</share-weight>
                        </period>
                        <period year = "2075">
                            <share-weight>0</share-weight>
                        </period>
                        <period year = "2080">
                            <share-weight>0</share-weight>
                        </period>
                        <period year = "2085">
                            <share-weight>0</share-weight>
                        </period>
                        <period year = "2090">
                            <share-weight>0</share-weight>
                        </period>
                        <period year = "2095">
                            <share-weight>0</share-weight>
                        </period>
                        <period year = "2100">
                            <share-weight>0</share-weight>
                        </period>
                    </stub-technology>
                    <stub-technology name = "coal (conv pul CCS)">
                        <period year = "2020">
                            <share-weight>0</share-weight>
                        </period>
                        <period year = "2025">
                            <share-weight>0</share-weight>
                        </period>
                        <period year = "2030">
                            <share-weight>0</share-weight>
                        </period>
                        <period year = "2035">
                            <share-weight>0</share-weight>
                        </period>
                        <period year = "2040">
                            <share-weight>0</share-weight>
                        </period>
                        <period year = "2045">
                            <share-weight>0</share-weight>
                        </period>
                        <period year = "2050">
                            <share-weight>0</share-weight>
                        </period>
                        <period year = "2055">
                            <share-weight>0</share-weight>
                        </period>
                        <period year = "2060">
                            <share-weight>0</share-weight>
                        </period>
                        <period year = "2065">
                            <share-weight>0</share-weight>
                        </period>
                        <period year = "2070">
                            <share-weight>0</share-weight>
                        </period>
                        <period year = "2075">
                            <share-weight>0</share-weight>
                        </period>
                        <period year = "2080">
                            <share-weight>0</share-weight>
                        </period>
                        <period year = "2085">
                            <share-weight>0</share-weight>
                        </period>
                        <period year = "2090">
                            <share-weight>0</share-weight>
                        </period>
                        <period year = "2095">
                            <share-weight>0</share-weight>
                        </period>
                        <period year = "2100">
                            <share-weight>0</share-weight>
                        </period>
                    </stub-technology>
                </subsector>
            </supplysector>
        </region>
    </world>
</scenario>
