<scenario>
    <world>
        <region name = "Japan">
            <supplysector name = "electricity">
                <subsector name = "nuclear">
                    <share-weight year = "2025">0</share-weight>
                    <share-weight year = "2030">0</share-weight>
                    <share-weight year = "2035">0</share-weight>
                    <share-weight year = "2040">0</share-weight>
                    <share-weight year = "2045">0</share-weight>
                    <share-weight year = "2050">0</share-weight>
                    <share-weight year = "2055">0</share-weight>
                    <share-weight year = "2060">0</share-weight>
                    <share-weight year = "2065">0</share-weight>
                    <share-weight year = "2070">0</share-weight>
                    <share-weight year = "2075">0</share-weight>
                    <share-weight year = "2080">0</share-weight>
                    <share-weight year = "2085">0</share-weight>
                    <share-weight year = "2090">0</share-weight>
                    <share-weight year = "2095">0</share-weight>
                    <share-weight year = "2100">0</share-weight>
                </subsector>
            </supplysector>
        </region>
        <region name = "South Korea">
            <supplysector name = "electricity">
                <subsector name = "nuclear">
                    <share-weight year = "2025">0</share-weight>
                    <share-weight year = "2030">0</share-weight>
                    <share-weight year = "2035">0</share-weight>
                    <share-weight year = "2040">0</share-weight>
                    <share-weight year = "2045">0</share-weight>
                    <share-weight year = "2050">0</share-weight>
                    <share-weight year = "2055">0</share-weight>
                    <share-weight year = "2060">0</share-weight>
                    <share-weight year = "2065">0</share-weight>
                    <share-weight year = "2070">0</share-weight>
                    <share-weight year = "2075">0</share-weight>
                    <share-weight year = "2080">0</share-weight>
                    <share-weight year = "2085">0</share-weight>
                    <share-weight year = "2090">0</share-weight>
                    <share-weight year = "2095">0</share-weight>
                    <share-weight year = "2100">0</share-weight>
                </subsector>
            </supplysector>
        </region>
    </world>
</scenario>
