<?xml version="1.0" encoding="UTF-8"?><scenario>
    <world>
        <region name="USA">
            <supplysector name="electricity">
                <subsector name="coal">
				   <stub-technology name="coal (conv pul)">
                      <period year="2015">
                          <exogenous-shutdown-decider name="exogenous-shutdown">
                            <output-scalar year="2020">0.53</output-scalar>
                            <output-scalar year="2025">0.44</output-scalar>
                            <output-scalar year="2030">0.24</output-scalar>
                            <output-scalar year="2035">0.20</output-scalar>
                            <output-scalar year="2040">0.16</output-scalar>
                            <output-scalar year="2045">0.35</output-scalar>
                            <output-scalar year="2050">0.30</output-scalar>
                           </exogenous-shutdown-decider>
                      </period>
				   </stub-technology >
                </subsector>
            </supplysector>
        </region>
   </world>
</scenario>