<?xml version="1.0" encoding="UTF-8"?><scenario>
    <world>
        <region name="USA">
            <supplysector name="electricity">
                <subsector name="coal">
				   <stub-technology name="coal (conv pul)">
                      <period year="2015">
                          <exogenous-shutdown-decider name="exogenous-shutdown">
                            <output-scalar year="2020">0.53</output-scalar>
                            <output-scalar year="2025">0.44</output-scalar>
                            <output-scalar year="2030">0.29</output-scalar>
                            <output-scalar year="2035">0.27</output-scalar>
                            <output-scalar year="2040">0.26</output-scalar>
                            <output-scalar year="2045">0.25</output-scalar>
                            <output-scalar year="2050">0.22</output-scalar>
                            <output-scalar year="2055">0.15</output-scalar>
                            <output-scalar year="2060">0.10</output-scalar>
                            <output-scalar year="2065">0.07</output-scalar>
                            <output-scalar year="2070">0.04</output-scalar>
                            <output-scalar year="2075">0.0</output-scalar>
                            <output-scalar year="2080">0.0</output-scalar>
                            <output-scalar year="2085">0.0</output-scalar>
                            <output-scalar year="2090">0.0</output-scalar>
                            <output-scalar year="2095">0.0</output-scalar>
                            <output-scalar year="2100">0.0</output-scalar>
                           </exogenous-shutdown-decider>
                      </period>
				   </stub-technology >
                </subsector>
            </supplysector>
        </region>
   </world>
</scenario>