<?xml version="1.0" encoding="UTF-8"?>
<scenario>
    <world>
        <region name="USA">
            <supplysector name="trn_pass_road">
                <tranSubsector name="Bus">
                    <stub-technology name="BEV">
                        <period year="2025">
                            <minicam-non-energy-input name="infra-cost">
                                <input-cost>-0.04934069</input-cost>
                            </minicam-non-energy-input>
                        </period>
                        <period year="2030">
                            <minicam-non-energy-input name="infra-cost">
                                <input-cost>-0.04934069</input-cost>
                            </minicam-non-energy-input>
                        </period>
                        <period year="2035">
                            <minicam-non-energy-input name="infra-cost">
                                <input-cost>0</input-cost>
                            </minicam-non-energy-input>
                        </period>
                        <period year="2040">
                            <minicam-non-energy-input name="infra-cost">
                                <input-cost>0</input-cost>
                            </minicam-non-energy-input>
                        </period>
                        <period year="2045">
                            <minicam-non-energy-input name="infra-cost">
                                <input-cost>0</input-cost>
                            </minicam-non-energy-input>
                        </period>
                        <period year="2050">
                            <minicam-non-energy-input name="infra-cost">
                                <input-cost>0</input-cost>
                            </minicam-non-energy-input>
                        </period>
                    </stub-technology>
                </tranSubsector>
            </supplysector>
        </region>
    </world>
</scenario>
