<?xml version="1.0" encoding="UTF-8"?><scenario>
    <world>
        <region name="USA">

            <supplysector name="electricity">
                <subsector name="gas">
				<stub-technology name="gas (CC)">
                    <interpolation-rule apply-to="share-weight" from-year="2050" to-year="2100" delete="1"> 
                        <interpolation-function name="fixed"/>
                    </interpolation-rule>

                  <period year="2020">
                     <share-weight>1.3</share-weight>
                  </period>
                  <period year="2025">
                     <share-weight>0.01</share-weight>
                  </period>
                  <period year="2030">
                     <share-weight>0</share-weight>
                  </period>
                  <period year="2035">
                     <share-weight>0</share-weight>
                  </period>
                  <period year="2040">
                     <share-weight>0</share-weight>
                  </period>
                  <period year="2045">
                     <share-weight>0</share-weight>
                  </period>
                  <period year="2050">
                     <share-weight>0</share-weight>
                  </period>
				</stub-technology>

				<stub-technology name="gas (steam/CT)">
                    <interpolation-rule apply-to="share-weight" from-year="2050" to-year="2100" delete="1">
                        <interpolation-function name="fixed"/>
                    </interpolation-rule>

                  <period year="2020">
                     <share-weight>8.96796</share-weight>
                  </period>
                  <period year="2025">
                     <share-weight>0.05</share-weight>
                  </period>
                  <period year="2030">
                     <share-weight>0</share-weight>
                  </period>
                  <period year="2035">
                     <share-weight>0</share-weight>
                  </period>
                  <period year="2040">
                     <share-weight>0</share-weight>
                  </period>
                  <period year="2045">
                     <share-weight>0</share-weight>
                  </period>
                  <period year="2050">
                     <share-weight>0</share-weight>
                  </period>
				</stub-technology>
                </subsector>
            </supplysector>


        </region>
   </world>
</scenario>