<?xml version="1.0" encoding="UTF-8"?><scenario>
    <world>
        <region name="USA">
            <supplysector name="refining">
                <subsector name="biomass liquids">
                    <stub-technology name="biodiesel">
                        <period year="2025">
                            <minicam-non-energy-input name="IRA subsidy">
                                <input-cost>-1.639</input-cost>
                            </minicam-non-energy-input>
                        </period>
                    </stub-technology>
                    <stub-technology name="cellulosic ethanol">
                        <period year="2025">
                            <minicam-non-energy-input name="IRA subsidy">
                                <input-cost>-1.8906</input-cost>
                            </minicam-non-energy-input>
                        </period>
                    </stub-technology>
                    <stub-technology name="FT biofuels">
                        <period year="2025">
                            <minicam-non-energy-input name="IRA subsidy">
                                <input-cost>-2.0849</input-cost>
                            </minicam-non-energy-input>
                        </period>
                    </stub-technology>
                    <stub-technology name="cellulosic ethanol CCS level 1">
                        <period year="2025">
                            <minicam-non-energy-input name="IRA subsidy">
                                <input-cost>-1.8906</input-cost>
                            </minicam-non-energy-input>
                        </period>
                    </stub-technology>
                    <stub-technology name="cellulosic ethanol CCS level 2">
                        <period year="2025">
                            <minicam-non-energy-input name="IRA subsidy">
                                <input-cost>-1.8906</input-cost>
                            </minicam-non-energy-input>
                        </period>
                    </stub-technology>
                    <stub-technology name="FT biofuels CCS level 1">
                        <period year="2025">
                            <minicam-non-energy-input name="IRA subsidy">
                                <input-cost>-2.9188</input-cost>
                            </minicam-non-energy-input>
                        </period>
                    </stub-technology>
                    <stub-technology name="FT biofuels CCS level 2">
                        <period year="2025">
                            <minicam-non-energy-input name="IRA subsidy">
                                <input-cost>-2.9188</input-cost>
                            </minicam-non-energy-input>
                        </period>
                    </stub-technology>
                </subsector>
            </supplysector>
        </region>
    </world>
</scenario>
