<?xml version="1.0" encoding="UTF-8"?><scenario>
    <world>
        <region name="USA">
            <supplysector name="electricity">
                <subsector name="solar">
                    <stub-technology name="CSP">
                        <period year="2020">
                            <input-capital name="capital">
                                <fixed-charge-rate>0.091</fixed-charge-rate>
                            </input-capital>
                        </period>
                    </stub-technology>
                    <stub-technology name="CSP_storage">
                        <period year="2020">
                            <input-capital name="capital">
                                <fixed-charge-rate>0.091</fixed-charge-rate>
                            </input-capital>
                        </period>
                    </stub-technology>
                    <stub-technology name="PV">
                        <period year="2020">
                            <input-capital name="capital">
                                <fixed-charge-rate>0.091</fixed-charge-rate>
                            </input-capital>
                        </period>
                    </stub-technology>
                    <stub-technology name="PV_storage">
                        <period year="2020">
                            <input-capital name="capital">
                                <fixed-charge-rate>0.091</fixed-charge-rate>
                            </input-capital>
                        </period>
                    </stub-technology>
                </subsector>
                <subsector name="wind">
                    <stub-technology name="wind_offshore">
                        <period year="2020">
                            <input-capital name="capital">
                                <fixed-charge-rate>0.091</fixed-charge-rate>
                            </input-capital>
                        </period>
                        <period year="2025">
                            <input-capital name="capital">
                                <fixed-charge-rate>0.094</fixed-charge-rate>
                            </input-capital>
                        </period>
                        <period year="2030">
                            <input-capital name="capital">
                                <fixed-charge-rate>0.094</fixed-charge-rate>
                            </input-capital>
                        </period>
                        <period year="2035">
                            <input-capital name="capital">
                                <fixed-charge-rate>0.099</fixed-charge-rate>
                            </input-capital>
                        </period>
                    </stub-technology>
                </subsector>
            </supplysector>
            <supplysector name="elect_td_bld">
                <subsector name="rooftop_pv">
                    <stub-technology name="rooftop_pv">
                        <period year="2020">
                            <input-capital name="capital">
                                <fixed-charge-rate>0.07</fixed-charge-rate>
                            </input-capital>
                        </period>
                        <period year="2025">
                            <input-capital name="capital">
                                <fixed-charge-rate>0.072</fixed-charge-rate>
                            </input-capital>
                        </period>
                        <period year="2030">
                            <input-capital name="capital">
                                <fixed-charge-rate>0.072</fixed-charge-rate>
                            </input-capital>
                        </period>
                        <period year="2035">
                            <input-capital name="capital">
                                <fixed-charge-rate>0.076</fixed-charge-rate>
                            </input-capital>
                        </period>
                    </stub-technology>
                </subsector>
            </supplysector>
        </region>
    </world>
</scenario>
