<?xml version="1.0" encoding="UTF-8"?><scenario>
    <world>
        <region name="USA">
            <supplysector name="electricity">
                <subsector name="biomass">
                    <stub-technology name="biomass (conv)">
                        <period year="2020">
                            <minicam-non-energy-input name="tax credit">
                                <input-cost>-0.86</input-cost>
                            </minicam-non-energy-input>
                        </period>
                        <period year="2025">
                            <minicam-non-energy-input name="tax credit">
                                <input-cost>-0.79</input-cost>
                            </minicam-non-energy-input>
                        </period>
                        <period year="2030">
                            <minicam-non-energy-input name="tax credit">
                                <input-cost>-0.79</input-cost>
                            </minicam-non-energy-input>
                        </period>
                        <period year="2035">
                            <minicam-non-energy-input name="tax credit">
                                <input-cost>-0.67</input-cost>
                            </minicam-non-energy-input>
                        </period>
                    </stub-technology>
                    <stub-technology name="biomass (IGCC)">
                        <period year="2020">
                            <minicam-non-energy-input name="tax credit">
                                <input-cost>-0.86</input-cost>
                            </minicam-non-energy-input>
                        </period>
                        <period year="2025">
                            <minicam-non-energy-input name="tax credit">
                                <input-cost>-0.79</input-cost>
                            </minicam-non-energy-input>
                        </period>
                        <period year="2030">
                            <minicam-non-energy-input name="tax credit">
                                <input-cost>-0.79</input-cost>
                            </minicam-non-energy-input>
                        </period>
                        <period year="2035">
                            <minicam-non-energy-input name="tax credit">
                                <input-cost>-0.67</input-cost>
                            </minicam-non-energy-input>
                        </period>
                    </stub-technology>
                </subsector>
                <subsector name="geothermal">
                    <stub-technology name="geothermal">
                        <period year="2020">
                            <minicam-non-energy-input name="tax credit">
                                <input-cost>-1.71</input-cost>
                            </minicam-non-energy-input>
                        </period>
                        <period year="2025">
                            <minicam-non-energy-input name="tax credit">
                                <input-cost>-1.58</input-cost>
                            </minicam-non-energy-input>
                        </period>
                        <period year="2030">
                            <minicam-non-energy-input name="tax credit">
                                <input-cost>-1.58</input-cost>
                            </minicam-non-energy-input>
                        </period>
                        <period year="2035">
                            <minicam-non-energy-input name="tax credit">
                                <input-cost>-1.33</input-cost>
                            </minicam-non-energy-input>
                        </period>
                    </stub-technology>
                </subsector>
                <subsector name="nuclear">
                    <stub-technology name="Gen_III">
                        <period year="2020">
                            <minicam-non-energy-input name="tax credit">
                                <input-cost>0</input-cost>
                            </minicam-non-energy-input>
                        </period>
                        <period year="2025">
                            <minicam-non-energy-input name="tax credit">
                                <input-cost>-0.98</input-cost>
                            </minicam-non-energy-input>
                        </period>
                        <period year="2030">
                            <minicam-non-energy-input name="tax credit">
                                <input-cost>-0.98</input-cost>
                            </minicam-non-energy-input>
                        </period>
                        <period year="2035">
                            <minicam-non-energy-input name="tax credit">
                                <input-cost>-0.39</input-cost>
                            </minicam-non-energy-input>
                        </period>
                    </stub-technology>
                </subsector>
                <subsector name="solar">
                    <stub-technology name="CSP">
                        <period year="2020">
                            <minicam-non-energy-input name="tax credit">
                                <input-cost>0</input-cost>
                            </minicam-non-energy-input>
                        </period>
                        <period year="2025">
                            <minicam-non-energy-input name="tax credit">
                                <input-cost>-1.58</input-cost>
                            </minicam-non-energy-input>
                        </period>
                        <period year="2030">
                            <minicam-non-energy-input name="tax credit">
                                <input-cost>-1.58</input-cost>
                            </minicam-non-energy-input>
                        </period>
                        <period year="2035">
                            <minicam-non-energy-input name="tax credit">
                                <input-cost>-1.33</input-cost>
                            </minicam-non-energy-input>
                        </period>
                    </stub-technology>
                    <stub-technology name="CSP_storage">
                        <period year="2020">
                            <minicam-non-energy-input name="tax credit">
                                <input-cost>0</input-cost>
                            </minicam-non-energy-input>
                        </period>
                        <period year="2025">
                            <minicam-non-energy-input name="tax credit">
                                <input-cost>-1.58</input-cost>
                            </minicam-non-energy-input>
                        </period>
                        <period year="2030">
                            <minicam-non-energy-input name="tax credit">
                                <input-cost>-1.58</input-cost>
                            </minicam-non-energy-input>
                        </period>
                        <period year="2035">
                            <minicam-non-energy-input name="tax credit">
                                <input-cost>-1.33</input-cost>
                            </minicam-non-energy-input>
                        </period>
                    </stub-technology>
                    <stub-technology name="PV">
                        <period year="2020">
                            <minicam-non-energy-input name="tax credit">
                                <input-cost>0</input-cost>
                            </minicam-non-energy-input>
                        </period>
                        <period year="2025">
                            <minicam-non-energy-input name="tax credit">
                                <input-cost>-1.58</input-cost>
                            </minicam-non-energy-input>
                        </period>
                        <period year="2030">
                            <minicam-non-energy-input name="tax credit">
                                <input-cost>-1.58</input-cost>
                            </minicam-non-energy-input>
                        </period>
                        <period year="2035">
                            <minicam-non-energy-input name="tax credit">
                                <input-cost>-1.33</input-cost>
                            </minicam-non-energy-input>
                        </period>
                    </stub-technology>
                    <stub-technology name="PV_storage">
                        <period year="2020">
                            <minicam-non-energy-input name="tax credit">
                                <input-cost>0</input-cost>
                            </minicam-non-energy-input>
                        </period>
                        <period year="2025">
                            <minicam-non-energy-input name="tax credit">
                                <input-cost>-1.58</input-cost>
                            </minicam-non-energy-input>
                        </period>
                        <period year="2030">
                            <minicam-non-energy-input name="tax credit">
                                <input-cost>-1.58</input-cost>
                            </minicam-non-energy-input>
                        </period>
                        <period year="2035">
                            <minicam-non-energy-input name="tax credit">
                                <input-cost>-1.33</input-cost>
                            </minicam-non-energy-input>
                        </period>
                    </stub-technology>
                </subsector>
                <subsector name="wind">
                    <stub-technology name="wind">
                        <period year="2020">
                            <minicam-non-energy-input name="tax credit">
                                <input-cost>-1.16</input-cost>
                            </minicam-non-energy-input>
                        </period>
                        <period year="2025">
                            <minicam-non-energy-input name="tax credit">
                                <input-cost>-1.58</input-cost>
                            </minicam-non-energy-input>
                        </period>
                        <period year="2030">
                            <minicam-non-energy-input name="tax credit">
                                <input-cost>-1.58</input-cost>
                            </minicam-non-energy-input>
                        </period>
                        <period year="2035">
                            <minicam-non-energy-input name="tax credit">
                                <input-cost>-1.33</input-cost>
                            </minicam-non-energy-input>
                        </period>
                    </stub-technology>
                    <stub-technology name="wind_storage">
                        <period year="2020">
                            <minicam-non-energy-input name="tax credit">
                                <input-cost>-1.16</input-cost>
                            </minicam-non-energy-input>
                        </period>
                        <period year="2025">
                            <minicam-non-energy-input name="tax credit">
                                <input-cost>-1.58</input-cost>
                            </minicam-non-energy-input>
                        </period>
                        <period year="2030">
                            <minicam-non-energy-input name="tax credit">
                                <input-cost>-1.58</input-cost>
                            </minicam-non-energy-input>
                        </period>
                        <period year="2035">
                            <minicam-non-energy-input name="tax credit">
                                <input-cost>-1.33</input-cost>
                            </minicam-non-energy-input>
                        </period>
                    </stub-technology>
                </subsector>
            </supplysector>
        </region>
    </world>
</scenario>
