<?xml version="1.0" encoding="UTF-8"?><scenario>
    <world>
        <global-technology-database>
            <location-info sector-name="elect_td_bld" subsector-name="rooftop_pv">
                <intermittent-technology name="rooftop_pv">
                    <period year="2020">
                        <input-capital name="capital">
                            <fixed-charge-rate>0.074</fixed-charge-rate>
                        </input-capital>
                    </period>
                    <period year="2025">
                        <input-capital name="capital">
                            <fixed-charge-rate>0.07</fixed-charge-rate>
                        </input-capital>
                    </period>
                    <period year="2030">
                        <input-capital name="capital">
                            <fixed-charge-rate>0.07</fixed-charge-rate>
                        </input-capital>
                    </period>
                    <period year="2035">
                        <input-capital name="capital">
                            <fixed-charge-rate>0.078</fixed-charge-rate>
                        </input-capital>
                    </period>
                    <period year="2040">
                        <input-capital name="capital">
                            <fixed-charge-rate>0.09</fixed-charge-rate>
                        </input-capital>
                    </period>
                    <period year="2045">
                        <input-capital name="capital">
                            <fixed-charge-rate>0.09</fixed-charge-rate>
                        </input-capital>
                    </period>
                    <period year="2050">
                        <input-capital name="capital">
                            <fixed-charge-rate>0.09</fixed-charge-rate>
                        </input-capital>
                    </period>
                </intermittent-technology>
            </location-info>
        </global-technology-database>
    </world>
</scenario>
