<?xml version="1.0" encoding="UTF-8"?>
<scenario>
    <world>
        <region name="USA">
            <supplysector name="trn_pass_road_LDV_4W">
                <tranSubsector name="Car">
                     <stub-technology name="BEV_fixed">
                        <period year="1975">
                            <minicam-energy-input name="elect_td_trn">
                                <calibrated-value>0</calibrated-value>
                                <coefficient>831.4861551</coefficient>
                                <market-name>USA</market-name>
                            </minicam-energy-input>
                            <share-weight>0</share-weight>
                            <loadFactor>1.58</loadFactor>
                            <minicam-non-energy-input name="non-energy">
                                <input-cost>0.2668</input-cost>
                            </minicam-non-energy-input>
                        </period>
                        <period year="1990">
                            <minicam-energy-input name="elect_td_trn">
                                <calibrated-value>0</calibrated-value>
                                <coefficient>831.4861551</coefficient>
                                <market-name>USA</market-name>
                            </minicam-energy-input>
                            <share-weight>0</share-weight>
                            <loadFactor>1.58</loadFactor>
                            <minicam-non-energy-input name="non-energy">
                                <input-cost>0.2668</input-cost>
                            </minicam-non-energy-input>
                        </period>
                        <period year="2005">
                            <minicam-energy-input name="elect_td_trn">
                                <calibrated-value>0</calibrated-value>
                                <coefficient>831.4861551</coefficient>
                                <market-name>USA</market-name>
                            </minicam-energy-input>
                            <share-weight>0</share-weight>
                            <loadFactor>1.58</loadFactor>
                            <minicam-non-energy-input name="non-energy">
                                <input-cost>0.2668</input-cost>
                            </minicam-non-energy-input>
                        </period>
                        <period year="2010">
                            <minicam-energy-input name="elect_td_trn">
                                <calibrated-value>0</calibrated-value>
                                <coefficient>828.5969234</coefficient>
                                <market-name>USA</market-name>
                            </minicam-energy-input>
                            <share-weight>0</share-weight>
                            <loadFactor>1.58</loadFactor>
                            <minicam-non-energy-input name="non-energy">
                                <input-cost>0.2668</input-cost>
                            </minicam-non-energy-input>
                        </period>
                        <period year="2015">
                            <minicam-energy-input name="elect_td_trn">
                                <calibrated-value>0</calibrated-value>
                                <coefficient>825.7076913</coefficient>
                                <market-name>USA</market-name>
                            </minicam-energy-input>
                            <share-weight>0</share-weight>
                            <loadFactor>1.58</loadFactor>
                            <minicam-non-energy-input name="non-energy">
                                <input-cost>0.2668</input-cost>
                            </minicam-non-energy-input>
                        </period>
                        <period year="2020">
                            <fixedOutput>0</fixedOutput>
                            <share-weight>0</share-weight>
                            <loadFactor>1.58</loadFactor>
                            <minicam-non-energy-input name="non-energy">
                                <input-cost>0.2668</input-cost>
                            </minicam-non-energy-input>
                            <minicam-energy-input name="elect_td_trn">
                                <coefficient>822.818459</coefficient>
                                <market-name>USA</market-name>
                            </minicam-energy-input>
                        </period>
                        <period year="2025">
                            <fixedOutput>23733.77358</fixedOutput>
                            <share-weight>0</share-weight>
                            <loadFactor>1.58</loadFactor>
                            <minicam-non-energy-input name="non-energy">
                                <input-cost>0.2456</input-cost>
                            </minicam-non-energy-input>
                            <minicam-energy-input name="elect_td_trn">
                                <coefficient>819.9734011</coefficient>
                                <market-name>USA</market-name>
                            </minicam-energy-input>
                        </period>
                        <period year="2030">
                            <fixedOutput>18578.40648</fixedOutput>
                            <share-weight>0</share-weight>
                            <loadFactor>1.58</loadFactor>
                            <minicam-non-energy-input name="non-energy">
                                <input-cost>0.2243</input-cost>
                            </minicam-non-energy-input>
                            <minicam-energy-input name="elect_td_trn">
                                <coefficient>817.1283434</coefficient>
                                <market-name>USA</market-name>
                            </minicam-energy-input>
                        </period>
                        <period year="2035">
                            <fixedOutput>0</fixedOutput>
                            <share-weight>0</share-weight>
                            <loadFactor>1.58</loadFactor>
                            <minicam-non-energy-input name="non-energy">
                                <input-cost>0.2243</input-cost>
                            </minicam-non-energy-input>
                            <minicam-energy-input name="elect_td_trn">
                                <coefficient>814.2832855</coefficient>
                                <market-name>USA</market-name>
                            </minicam-energy-input>
                        </period>
                        <period year="2040">
                            <fixedOutput>0</fixedOutput>
                            <share-weight>0</share-weight>
                            <loadFactor>1.58</loadFactor>
                            <minicam-non-energy-input name="non-energy">
                                <input-cost>0.2243</input-cost>
                            </minicam-non-energy-input>
                            <minicam-energy-input name="elect_td_trn">
                                <coefficient>811.5144909</coefficient>
                                <market-name>USA</market-name>
                            </minicam-energy-input>
                        </period>
                        <period year="2045">
                            <fixedOutput>0</fixedOutput>
                            <share-weight>0</share-weight>
                            <loadFactor>1.58</loadFactor>
                            <minicam-non-energy-input name="non-energy">
                                <input-cost>0.2243</input-cost>
                            </minicam-non-energy-input>
                            <minicam-energy-input name="elect_td_trn">
                                <coefficient>808.7456958</coefficient>
                                <market-name>USA</market-name>
                            </minicam-energy-input>
                        </period>
                        <period year="2050">
                            <fixedOutput>0</fixedOutput>
                            <share-weight>0</share-weight>
                            <loadFactor>1.58</loadFactor>
                            <minicam-non-energy-input name="non-energy">
                                <input-cost>0.2243</input-cost>
                            </minicam-non-energy-input>
                            <minicam-energy-input name="elect_td_trn">
                                <coefficient>805.9769011</coefficient>
                                <market-name>USA</market-name>
                            </minicam-energy-input>
                        </period>
                    </stub-technology>
                </tranSubsector>
            </supplysector>
        </region>
        <global-technology-database>
            <location-info sector-name="trn_pass_road_LDV_4W" subsector-name="Car">
                <tranTechnology name="BEV_fixed">
                    <period year="1975">
                        <share-weight>0</share-weight>
                        <CO2 name="CO2"/>
                    </period>
                    <period year="1990">
                        <share-weight>0</share-weight>
                        <CO2 name="CO2"/>
                    </period>
                    <period year="2005">
                        <share-weight>0</share-weight>
                        <CO2 name="CO2"/>
                    </period>
                    <period year="2010">
                        <share-weight>0</share-weight>
                        <CO2 name="CO2"/>
                    </period>
                    <period year="2015">
                        <share-weight>0</share-weight>
                        <CO2 name="CO2"/>
                        <lifetime>25</lifetime>
                        <s-curve-shutdown-decider name="s-curve">
                            <steepness>0.218</steepness>
                            <half-life>11</half-life>
                        </s-curve-shutdown-decider>
                    </period>
                    <period year="2020">
                        <share-weight>0</share-weight>
                        <CO2 name="CO2"/>
                        <lifetime>25</lifetime>
                        <s-curve-shutdown-decider name="s-curve">
                            <steepness>0.193</steepness>
                            <half-life>12</half-life>
                        </s-curve-shutdown-decider>
                    </period>
                    <period year="2025">
                        <share-weight>0</share-weight>
                        <CO2 name="CO2"/>
                        <lifetime>25</lifetime>
                        <s-curve-shutdown-decider name="s-curve">
                            <steepness>0.193</steepness>
                            <half-life>12</half-life>
                        </s-curve-shutdown-decider>
                    </period>
                    <period year="2030">
                        <share-weight>0</share-weight>
                        <CO2 name="CO2"/>
                        <lifetime>25</lifetime>
                        <s-curve-shutdown-decider name="s-curve">
                            <steepness>0.193</steepness>
                            <half-life>12</half-life>
                        </s-curve-shutdown-decider>
                    </period>
                    <period year="2035">
                        <share-weight>0</share-weight>
                        <CO2 name="CO2"/>
                        <lifetime>25</lifetime>
                        <s-curve-shutdown-decider name="s-curve">
                            <steepness>0.193</steepness>
                            <half-life>12</half-life>
                        </s-curve-shutdown-decider>
                    </period>
                    <period year="2040">
                        <share-weight>0</share-weight>
                        <CO2 name="CO2"/>
                        <lifetime>25</lifetime>
                        <s-curve-shutdown-decider name="s-curve">
                            <steepness>0.193</steepness>
                            <half-life>12</half-life>
                        </s-curve-shutdown-decider>
                    </period>
                    <period year="2045">
                        <share-weight>0</share-weight>
                        <CO2 name="CO2"/>
                        <lifetime>25</lifetime>
                        <s-curve-shutdown-decider name="s-curve">
                            <steepness>0.193</steepness>
                            <half-life>12</half-life>
                        </s-curve-shutdown-decider>
                    </period>
                    <period year="2050">
                        <share-weight>0</share-weight>
                        <CO2 name="CO2"/>
                        <lifetime>25</lifetime>
                        <s-curve-shutdown-decider name="s-curve">
                            <steepness>0.193</steepness>
                            <half-life>12</half-life>
                        </s-curve-shutdown-decider>
                    </period>
                    <period year="2055">
                        <share-weight>0</share-weight>
                        <CO2 name="CO2"/>
                        <lifetime>25</lifetime>
                        <s-curve-shutdown-decider name="s-curve">
                            <steepness>0.193</steepness>
                            <half-life>12</half-life>
                        </s-curve-shutdown-decider>
                    </period>
                    <period year="2060">
                        <share-weight>0</share-weight>
                        <CO2 name="CO2"/>
                        <lifetime>25</lifetime>
                        <s-curve-shutdown-decider name="s-curve">
                            <steepness>0.193</steepness>
                            <half-life>12</half-life>
                        </s-curve-shutdown-decider>
                    </period>
                    <period year="2065">
                        <share-weight>0</share-weight>
                        <CO2 name="CO2"/>
                        <lifetime>25</lifetime>
                        <s-curve-shutdown-decider name="s-curve">
                            <steepness>0.193</steepness>
                            <half-life>12</half-life>
                        </s-curve-shutdown-decider>
                    </period>
                    <period year="2070">
                        <share-weight>0</share-weight>
                        <CO2 name="CO2"/>
                        <lifetime>25</lifetime>
                        <s-curve-shutdown-decider name="s-curve">
                            <steepness>0.193</steepness>
                            <half-life>12</half-life>
                        </s-curve-shutdown-decider>
                    </period>
                    <period year="2075">
                        <share-weight>0</share-weight>
                        <CO2 name="CO2"/>
                        <lifetime>25</lifetime>
                        <s-curve-shutdown-decider name="s-curve">
                            <steepness>0.193</steepness>
                            <half-life>12</half-life>
                        </s-curve-shutdown-decider>
                    </period>
                    <period year="2080">
                        <share-weight>0</share-weight>
                        <CO2 name="CO2"/>
                        <lifetime>25</lifetime>
                        <s-curve-shutdown-decider name="s-curve">
                            <steepness>0.193</steepness>
                            <half-life>12</half-life>
                        </s-curve-shutdown-decider>
                    </period>
                    <period year="2085">
                        <share-weight>0</share-weight>
                        <CO2 name="CO2"/>
                        <lifetime>25</lifetime>
                        <s-curve-shutdown-decider name="s-curve">
                            <steepness>0.193</steepness>
                            <half-life>12</half-life>
                        </s-curve-shutdown-decider>
                    </period>
                    <period year="2090">
                        <share-weight>0</share-weight>
                        <CO2 name="CO2"/>
                        <lifetime>25</lifetime>
                        <s-curve-shutdown-decider name="s-curve">
                            <steepness>0.193</steepness>
                            <half-life>12</half-life>
                        </s-curve-shutdown-decider>
                    </period>
                    <period year="2095">
                        <share-weight>0</share-weight>
                        <CO2 name="CO2"/>
                        <lifetime>25</lifetime>
                        <s-curve-shutdown-decider name="s-curve">
                            <steepness>0.193</steepness>
                            <half-life>12</half-life>
                        </s-curve-shutdown-decider>
                    </period>
                    <period year="2100">
                        <share-weight>0</share-weight>
                        <CO2 name="CO2"/>
                        <lifetime>25</lifetime>
                        <s-curve-shutdown-decider name="s-curve">
                            <steepness>0.193</steepness>
                            <half-life>12</half-life>
                        </s-curve-shutdown-decider>
                    </period>
                </tranTechnology>
            </location-info>
        </global-technology-database>
    </world>
</scenario>