<?xml version="1.0" encoding="UTF-8"?><scenario>
    <world>
        <region name="USA">
            <supplysector name="elec_coal (conv pul)">
                <subsector name="coal (conv pul)">
				   <stub-technology name="coal (conv pul) (once through)">
                      <period year="2015">
                          <exogenous-shutdown-decider name="exogenous-shutdown">
                            <output-scalar year="2020">0.53</output-scalar>
                            <output-scalar year="2025">0.44</output-scalar>
                            <output-scalar year="2030">0.24</output-scalar>
                            <output-scalar year="2035">0.20</output-scalar>
                            <output-scalar year="2040">0.16</output-scalar>
                            <output-scalar year="2045">0.35</output-scalar>
                            <output-scalar year="2050">0.30</output-scalar>
                           </exogenous-shutdown-decider>
                      </period>
				   </stub-technology>
				   <stub-technology name="coal (conv pul) (seawater)">
                      <period year="2015">
                          <exogenous-shutdown-decider name="exogenous-shutdown">
                            <output-scalar year="2020">0.53</output-scalar>
                            <output-scalar year="2025">0.44</output-scalar>
                            <output-scalar year="2030">0.24</output-scalar>
                            <output-scalar year="2035">0.20</output-scalar>
                            <output-scalar year="2040">0.16</output-scalar>
                            <output-scalar year="2045">0.35</output-scalar>
                            <output-scalar year="2050">0.30</output-scalar>
                           </exogenous-shutdown-decider>
                      </period>
				   </stub-technology>
				   <stub-technology name="coal (conv pul) (recirculating)">
                      <period year="2015">
                          <exogenous-shutdown-decider name="exogenous-shutdown">
                            <output-scalar year="2020">0.53</output-scalar>
                            <output-scalar year="2025">0.44</output-scalar>
                            <output-scalar year="2030">0.24</output-scalar>
                            <output-scalar year="2035">0.20</output-scalar>
                            <output-scalar year="2040">0.16</output-scalar>
                            <output-scalar year="2045">0.35</output-scalar>
                            <output-scalar year="2050">0.30</output-scalar>
                           </exogenous-shutdown-decider>
                      </period>
				   </stub-technology>
				   <stub-technology name="coal (conv pul) (cooling pond)">
                      <period year="2015">
                          <exogenous-shutdown-decider name="exogenous-shutdown">
                            <output-scalar year="2020">0.53</output-scalar>
                            <output-scalar year="2025">0.44</output-scalar>
                            <output-scalar year="2030">0.24</output-scalar>
                            <output-scalar year="2035">0.20</output-scalar>
                            <output-scalar year="2040">0.16</output-scalar>
                            <output-scalar year="2045">0.35</output-scalar>
                            <output-scalar year="2050">0.30</output-scalar>
                           </exogenous-shutdown-decider>
                      </period>
				   </stub-technology>
				   <stub-technology name="coal (conv pul) (dry cooling)">
                      <period year="2015">
                          <exogenous-shutdown-decider name="exogenous-shutdown">
                            <output-scalar year="2020">0.53</output-scalar>
                            <output-scalar year="2025">0.44</output-scalar>
                            <output-scalar year="2030">0.24</output-scalar>
                            <output-scalar year="2035">0.20</output-scalar>
                            <output-scalar year="2040">0.16</output-scalar>
                            <output-scalar year="2045">0.35</output-scalar>
                            <output-scalar year="2050">0.30</output-scalar>
                           </exogenous-shutdown-decider>
                      </period>
				   </stub-technology>
                </subsector>
            </supplysector>
        </region>
   </world>
</scenario>