<?xml version="1.0" encoding="UTF-8"?><scenario name="CCSP450">
    <world>
        <region name="USA">
            <ghgpolicy name="CO2_LUC">
                <market>USA</market>
                <isFixedTax>1</isFixedTax>
                <fixedTax year="2020">4</fixedTax>
                <fixedTax year="2025">20</fixedTax>
                <fixedTax year="2030">40</fixedTax>
                <fixedTax year="2035">85</fixedTax>
                <fixedTax year="2040">160</fixedTax>
                <fixedTax year="2045">300</fixedTax>
                <fixedTax year="2050">800</fixedTax>
            </ghgpolicy>
        </region>
    </world>
</scenario>
