<?xml version="1.0" encoding="UTF-8"?><scenario>
    <world>
        <region name="Africa_Eastern">
            <policy-portfolio-standard name="GHG">
                <policyType>tax</policyType>
                <min-price fillout="1" year="2020">1.0</min-price>
                <market>Africa</market>
                <constraint year="2025">928.666483163253</constraint>
                <constraint year="2030">970.742206218429</constraint>
                <constraint year="2035">1060.29992517771</constraint>
                <constraint year="2040">1152.94571236731</constraint>
                <constraint year="2045">1250.95736091908</constraint>
                <constraint year="2050">1354.2711053865</constraint>
                <constraint year="2055">1465.08454897446</constraint>
                <constraint year="2060">1582.8189781277</constraint>
                <constraint year="2065">1705.15041967516</constraint>
                <constraint year="2070">1827.48681828982</constraint>
                <constraint year="2075">1946.03157183337</constraint>
                <constraint year="2080">2057.88664952953</constraint>
                <constraint year="2085">2160.47469649178</constraint>
                <constraint year="2090">2251.50773889026</constraint>
                <constraint year="2095">2328.33593313209</constraint>
                <constraint year="2100">2388.2158685772</constraint>
            </policy-portfolio-standard>
        </region>
        <region name="Africa_Northern">
            <policy-portfolio-standard name="GHG">
                <policyType>tax</policyType>
                <min-price fillout="1" year="2020">1.0</min-price>
                <market>Africa</market>
                <constraint year="2025">928.666483163253</constraint>
                <constraint year="2030">970.742206218429</constraint>
                <constraint year="2035">1060.29992517771</constraint>
                <constraint year="2040">1152.94571236731</constraint>
                <constraint year="2045">1250.95736091908</constraint>
                <constraint year="2050">1354.2711053865</constraint>
                <constraint year="2055">1465.08454897446</constraint>
                <constraint year="2060">1582.8189781277</constraint>
                <constraint year="2065">1705.15041967516</constraint>
                <constraint year="2070">1827.48681828982</constraint>
                <constraint year="2075">1946.03157183337</constraint>
                <constraint year="2080">2057.88664952953</constraint>
                <constraint year="2085">2160.47469649178</constraint>
                <constraint year="2090">2251.50773889026</constraint>
                <constraint year="2095">2328.33593313209</constraint>
                <constraint year="2100">2388.2158685772</constraint>
            </policy-portfolio-standard>
        </region>
        <region name="Africa_Southern">
            <policy-portfolio-standard name="GHG">
                <policyType>tax</policyType>
                <min-price fillout="1" year="2020">1.0</min-price>
                <market>Africa</market>
                <constraint year="2025">928.666483163253</constraint>
                <constraint year="2030">970.742206218429</constraint>
                <constraint year="2035">1060.29992517771</constraint>
                <constraint year="2040">1152.94571236731</constraint>
                <constraint year="2045">1250.95736091908</constraint>
                <constraint year="2050">1354.2711053865</constraint>
                <constraint year="2055">1465.08454897446</constraint>
                <constraint year="2060">1582.8189781277</constraint>
                <constraint year="2065">1705.15041967516</constraint>
                <constraint year="2070">1827.48681828982</constraint>
                <constraint year="2075">1946.03157183337</constraint>
                <constraint year="2080">2057.88664952953</constraint>
                <constraint year="2085">2160.47469649178</constraint>
                <constraint year="2090">2251.50773889026</constraint>
                <constraint year="2095">2328.33593313209</constraint>
                <constraint year="2100">2388.2158685772</constraint>
            </policy-portfolio-standard>
        </region>
        <region name="Africa_Western">
            <policy-portfolio-standard name="GHG">
                <policyType>tax</policyType>
                <min-price fillout="1" year="2020">1.0</min-price>
                <market>Africa</market>
                <constraint year="2025">928.666483163253</constraint>
                <constraint year="2030">970.742206218429</constraint>
                <constraint year="2035">1060.29992517771</constraint>
                <constraint year="2040">1152.94571236731</constraint>
                <constraint year="2045">1250.95736091908</constraint>
                <constraint year="2050">1354.2711053865</constraint>
                <constraint year="2055">1465.08454897446</constraint>
                <constraint year="2060">1582.8189781277</constraint>
                <constraint year="2065">1705.15041967516</constraint>
                <constraint year="2070">1827.48681828982</constraint>
                <constraint year="2075">1946.03157183337</constraint>
                <constraint year="2080">2057.88664952953</constraint>
                <constraint year="2085">2160.47469649178</constraint>
                <constraint year="2090">2251.50773889026</constraint>
                <constraint year="2095">2328.33593313209</constraint>
                <constraint year="2100">2388.2158685772</constraint>
            </policy-portfolio-standard>
        </region>
        <region name="Argentina">
            <policy-portfolio-standard name="GHG">
                <policyType>tax</policyType>
                <min-price fillout="1" year="2020">1.0</min-price>
                <market>Argentina</market>
                <constraint year="2025">163.076216226471</constraint>
                <constraint year="2030">171.64572617986</constraint>
                <constraint year="2035">173.612101505868</constraint>
                <constraint year="2040">175.572728877336</constraint>
                <constraint year="2045">177.540104913102</constraint>
                <constraint year="2050">175.477059145057</constraint>
                <constraint year="2055">172.34195254126</constraint>
                <constraint year="2060">168.173020706935</constraint>
                <constraint year="2065">163.118998225125</constraint>
                <constraint year="2070">157.19109444726</constraint>
                <constraint year="2075">150.44401843931</constraint>
                <constraint year="2080">143.286942554961</constraint>
                <constraint year="2085">135.962103684204</constraint>
                <constraint year="2090">128.632998688047</constraint>
                <constraint year="2095">121.313053198267</constraint>
                <constraint year="2100">114.011053860261</constraint>
            </policy-portfolio-standard>
        </region>
        <region name="Australia_NZ">
            <policy-portfolio-standard name="GHG">
                <policyType>tax</policyType>
                <min-price fillout="1" year="2020">1.0</min-price>
                <market>Australia_NZ</market>
                <constraint year="2025">357.950474415128</constraint>
                <constraint year="2030">360.324266251385</constraint>
                <constraint year="2035">336.840908492852</constraint>
                <constraint year="2040">313.594810827451</constraint>
                <constraint year="2045">291.439023265463</constraint>
                <constraint year="2050">268.655860976167</constraint>
                <constraint year="2055">246.408983010628</constraint>
                <constraint year="2060">226.170812484588</constraint>
                <constraint year="2065">207.29405605334</constraint>
                <constraint year="2070">189.315877723746</constraint>
                <constraint year="2075">171.774293218536</constraint>
                <constraint year="2080">154.991865368487</constraint>
                <constraint year="2085">139.010001469621</constraint>
                <constraint year="2090">124.10098877198</constraint>
                <constraint year="2095">110.408705880763</constraint>
                <constraint year="2100">97.9090629771697</constraint>
            </policy-portfolio-standard>
        </region>
        <region name="Brazil">
            <policy-portfolio-standard name="GHG">
                <policyType>tax</policyType>
                <min-price fillout="1" year="2020">1.0</min-price>
                <market>LCA</market>
                <constraint year="2025">1019.51096564266</constraint>
                <constraint year="2030">1054.90654938638</constraint>
                <constraint year="2035">1080.83087428661</constraint>
                <constraint year="2040">1099.82874326611</constraint>
                <constraint year="2045">1111.16222892403</constraint>
                <constraint year="2050">1114.01891638969</constraint>
                <constraint year="2055">1110.44288066276</constraint>
                <constraint year="2060">1100.79636383974</constraint>
                <constraint year="2065">1085.07456656138</constraint>
                <constraint year="2070">1064.30209849588</constraint>
                <constraint year="2075">1039.6149852451</constraint>
                <constraint year="2080">1010.87401363066</constraint>
                <constraint year="2085">978.565663464036</constraint>
                <constraint year="2090">943.439781928961</constraint>
                <constraint year="2095">906.342501939084</constraint>
                <constraint year="2100">867.696881560663</constraint>
            </policy-portfolio-standard>
        </region>
        <region name="Canada">
            <policy-portfolio-standard name="GHG">
                <policyType>tax</policyType>
                <min-price fillout="1" year="2020">1.0</min-price>
                <market>Canada</market>
                <constraint year="2025">493.339504722788</constraint>
                <constraint year="2030">503.562425405818</constraint>
                <constraint year="2035">480.353706179305</constraint>
                <constraint year="2040">457.067047343186</constraint>
                <constraint year="2045">432.521641721536</constraint>
                <constraint year="2050">405.798080792195</constraint>
                <constraint year="2055">378.818601172905</constraint>
                <constraint year="2060">353.979325539942</constraint>
                <constraint year="2065">331.571679324869</constraint>
                <constraint year="2070">310.571099344683</constraint>
                <constraint year="2075">289.897413296864</constraint>
                <constraint year="2080">269.630723562733</constraint>
                <constraint year="2085">249.574715304996</constraint>
                <constraint year="2090">230.111018315849</constraint>
                <constraint year="2095">211.561915355023</constraint>
                <constraint year="2100">194.011772710049</constraint>
            </policy-portfolio-standard>
        </region>
        <region name="Central America and Caribbean">
            <policy-portfolio-standard name="GHG">
                <policyType>tax</policyType>
                <min-price fillout="1" year="2020">1.0</min-price>
                <market>LCA</market>
                <constraint year="2025">1019.51096564266</constraint>
                <constraint year="2030">1054.90654938638</constraint>
                <constraint year="2035">1080.83087428661</constraint>
                <constraint year="2040">1099.82874326611</constraint>
                <constraint year="2045">1111.16222892403</constraint>
                <constraint year="2050">1114.01891638969</constraint>
                <constraint year="2055">1110.44288066276</constraint>
                <constraint year="2060">1100.79636383974</constraint>
                <constraint year="2065">1085.07456656138</constraint>
                <constraint year="2070">1064.30209849588</constraint>
                <constraint year="2075">1039.6149852451</constraint>
                <constraint year="2080">1010.87401363066</constraint>
                <constraint year="2085">978.565663464036</constraint>
                <constraint year="2090">943.439781928961</constraint>
                <constraint year="2095">906.342501939084</constraint>
                <constraint year="2100">867.696881560663</constraint>
            </policy-portfolio-standard>
        </region>
        <region name="Central Asia">
            <policy-portfolio-standard name="GHG">
                <policyType>tax</policyType>
                <min-price fillout="1" year="2020">1.0</min-price>
                <market>CenAsiaEastEur</market>
                <constraint year="2025">1521.30254790928</constraint>
                <constraint year="2030">1480.64951011821</constraint>
                <constraint year="2035">1485.63153355628</constraint>
                <constraint year="2040">1493.20873685632</constraint>
                <constraint year="2045">1501.8634660735</constraint>
                <constraint year="2050">1502.72581586617</constraint>
                <constraint year="2055">1510.56550391167</constraint>
                <constraint year="2060">1523.03717280106</constraint>
                <constraint year="2065">1534.91684389933</constraint>
                <constraint year="2070">1550.04789955642</constraint>
                <constraint year="2075">1562.43575674045</constraint>
                <constraint year="2080">1573.43513125236</constraint>
                <constraint year="2085">1584.27231752708</constraint>
                <constraint year="2090">1594.33971162989</constraint>
                <constraint year="2095">1602.22799831016</constraint>
                <constraint year="2100">1611.59639831188</constraint>
            </policy-portfolio-standard>
        </region>
        <region name="China">
            <policy-portfolio-standard name="GHG">
                <policyType>tax</policyType>
                <min-price fillout="1" year="2020">1.0</min-price>
                <market>China</market>
                <constraint year="2025">13282.1646222111</constraint>
                <constraint year="2030">13568.505038068</constraint>
                <constraint year="2035">12976.6029806064</constraint>
                <constraint year="2040">12023.0708781004</constraint>
                <constraint year="2045">10882.6643232857</constraint>
                <constraint year="2050">9610.0047446309</constraint>
                <constraint year="2055">8310.64137645147</constraint>
                <constraint year="2060">7122.50004557834</constraint>
                <constraint year="2065">6061.81076332685</constraint>
                <constraint year="2070">5125.54530001363</constraint>
                <constraint year="2075">4301.50749605752</constraint>
                <constraint year="2080">3596.62316624595</constraint>
                <constraint year="2085">2991.68382443854</constraint>
                <constraint year="2090">2481.72797747833</constraint>
                <constraint year="2095">2055.64058730911</constraint>
                <constraint year="2100">1701.5489759883</constraint>
            </policy-portfolio-standard>
        </region>
        <region name="Colombia">
            <policy-portfolio-standard name="GHG">
                <policyType>tax</policyType>
                <min-price fillout="1" year="2020">1.0</min-price>
                <market>LCA</market>
                <constraint year="2025">1019.51096564266</constraint>
                <constraint year="2030">1054.90654938638</constraint>
                <constraint year="2035">1080.83087428661</constraint>
                <constraint year="2040">1099.82874326611</constraint>
                <constraint year="2045">1111.16222892403</constraint>
                <constraint year="2050">1114.01891638969</constraint>
                <constraint year="2055">1110.44288066276</constraint>
                <constraint year="2060">1100.79636383974</constraint>
                <constraint year="2065">1085.07456656138</constraint>
                <constraint year="2070">1064.30209849588</constraint>
                <constraint year="2075">1039.6149852451</constraint>
                <constraint year="2080">1010.87401363066</constraint>
                <constraint year="2085">978.565663464036</constraint>
                <constraint year="2090">943.439781928961</constraint>
                <constraint year="2095">906.342501939084</constraint>
                <constraint year="2100">867.696881560663</constraint>
            </policy-portfolio-standard>
        </region>
        <region name="EU-12">
            <policy-portfolio-standard name="GHG">
                <policyType>tax</policyType>
                <min-price fillout="1" year="2020">1.0</min-price>
                <market>EU</market>
                <constraint year="2025">2690.07087249819</constraint>
                <constraint year="2030">2493.9787257534</constraint>
                <constraint year="2035">2220.10007536516</constraint>
                <constraint year="2040">1978.36200974653</constraint>
                <constraint year="2045">1758.75602219156</constraint>
                <constraint year="2050">1556.66422980774</constraint>
                <constraint year="2055">1374.94774229753</constraint>
                <constraint year="2060">1216.01569575776</constraint>
                <constraint year="2065">1074.66524746161</constraint>
                <constraint year="2070">946.74323912435</constraint>
                <constraint year="2075">830.345889905687</constraint>
                <constraint year="2080">726.025940517438</constraint>
                <constraint year="2085">633.044182001037</constraint>
                <constraint year="2090">550.722669383464</constraint>
                <constraint year="2095">478.199543715906</constraint>
                <constraint year="2100">414.266434915957</constraint>
            </policy-portfolio-standard>
        </region>
        <region name="EU-15">
            <policy-portfolio-standard name="GHG">
                <policyType>tax</policyType>
                <min-price fillout="1" year="2020">1.0</min-price>
                <market>EU</market>
                <constraint year="2025">2690.07087249819</constraint>
                <constraint year="2030">2493.9787257534</constraint>
                <constraint year="2035">2220.10007536516</constraint>
                <constraint year="2040">1978.36200974653</constraint>
                <constraint year="2045">1758.75602219156</constraint>
                <constraint year="2050">1556.66422980774</constraint>
                <constraint year="2055">1374.94774229753</constraint>
                <constraint year="2060">1216.01569575776</constraint>
                <constraint year="2065">1074.66524746161</constraint>
                <constraint year="2070">946.74323912435</constraint>
                <constraint year="2075">830.345889905687</constraint>
                <constraint year="2080">726.025940517438</constraint>
                <constraint year="2085">633.044182001037</constraint>
                <constraint year="2090">550.722669383464</constraint>
                <constraint year="2095">478.199543715906</constraint>
                <constraint year="2100">414.266434915957</constraint>
            </policy-portfolio-standard>
        </region>
        <region name="Europe_Eastern">
            <policy-portfolio-standard name="GHG">
                <policyType>tax</policyType>
                <min-price fillout="1" year="2020">1.0</min-price>
                <market>CenAsiaEastEur</market>
                <constraint year="2025">1521.30254790928</constraint>
                <constraint year="2030">1480.64951011821</constraint>
                <constraint year="2035">1485.63153355628</constraint>
                <constraint year="2040">1493.20873685632</constraint>
                <constraint year="2045">1501.8634660735</constraint>
                <constraint year="2050">1502.72581586617</constraint>
                <constraint year="2055">1510.56550391167</constraint>
                <constraint year="2060">1523.03717280106</constraint>
                <constraint year="2065">1534.91684389933</constraint>
                <constraint year="2070">1550.04789955642</constraint>
                <constraint year="2075">1562.43575674045</constraint>
                <constraint year="2080">1573.43513125236</constraint>
                <constraint year="2085">1584.27231752708</constraint>
                <constraint year="2090">1594.33971162989</constraint>
                <constraint year="2095">1602.22799831016</constraint>
                <constraint year="2100">1611.59639831188</constraint>
            </policy-portfolio-standard>
        </region>
        <region name="Europe_Non_EU">
            <policy-portfolio-standard name="GHG">
                <policyType>tax</policyType>
                <min-price fillout="1" year="2020">1.0</min-price>
                <market>CenAsiaEastEur</market>
                <constraint year="2025">1521.30254790928</constraint>
                <constraint year="2030">1480.64951011821</constraint>
                <constraint year="2035">1485.63153355628</constraint>
                <constraint year="2040">1493.20873685632</constraint>
                <constraint year="2045">1501.8634660735</constraint>
                <constraint year="2050">1502.72581586617</constraint>
                <constraint year="2055">1510.56550391167</constraint>
                <constraint year="2060">1523.03717280106</constraint>
                <constraint year="2065">1534.91684389933</constraint>
                <constraint year="2070">1550.04789955642</constraint>
                <constraint year="2075">1562.43575674045</constraint>
                <constraint year="2080">1573.43513125236</constraint>
                <constraint year="2085">1584.27231752708</constraint>
                <constraint year="2090">1594.33971162989</constraint>
                <constraint year="2095">1602.22799831016</constraint>
                <constraint year="2100">1611.59639831188</constraint>
            </policy-portfolio-standard>
        </region>
        <region name="European Free Trade Association">
            <policy-portfolio-standard name="GHG">
                <policyType>tax</policyType>
                <min-price fillout="1" year="2020">1.0</min-price>
                <market>ROW</market>
                <constraint year="2025">3141.9021834956</constraint>
                <constraint year="2030">3350.33667133462</constraint>
                <constraint year="2035">3462.05761676576</constraint>
                <constraint year="2040">3554.39782290813</constraint>
                <constraint year="2045">3624.03088918996</constraint>
                <constraint year="2050">3664.63610596804</constraint>
                <constraint year="2055">3684.73632937139</constraint>
                <constraint year="2060">3684.29636087402</constraint>
                <constraint year="2065">3661.69171082303</constraint>
                <constraint year="2070">3615.51306971221</constraint>
                <constraint year="2075">3549.91962814722</constraint>
                <constraint year="2080">3467.59175563126</constraint>
                <constraint year="2085">3371.0214435365</constraint>
                <constraint year="2090">3263.66543185258</constraint>
                <constraint year="2095">3148.22495567175</constraint>
                <constraint year="2100">3026.18436343754</constraint>
            </policy-portfolio-standard>
        </region>
        <region name="India">
            <policy-portfolio-standard name="GHG">
                <policyType>tax</policyType>
                <min-price fillout="1" year="2020">1.0</min-price>
                <market>India</market>
                <constraint year="2025">3438.29237684705</constraint>
                <constraint year="2030">4062.54128432308</constraint>
                <constraint year="2035">4631.77999207594</constraint>
                <constraint year="2040">5179.81593267069</constraint>
                <constraint year="2045">5680.46149033961</constraint>
                <constraint year="2050">6117.84399505727</constraint>
                <constraint year="2055">6492.84735545043</constraint>
                <constraint year="2060">6802.99037801481</constraint>
                <constraint year="2065">7039.84614614834</constraint>
                <constraint year="2070">7194.03401140913</constraint>
                <constraint year="2075">7264.36447263368</constraint>
                <constraint year="2080">7256.58830239351</constraint>
                <constraint year="2085">7178.88680132872</constraint>
                <constraint year="2090">7044.5031089577</constraint>
                <constraint year="2095">6861.84123973344</constraint>
                <constraint year="2100">6633.49013082054</constraint>
            </policy-portfolio-standard>
        </region>
        <region name="Indonesia">
            <policy-portfolio-standard name="GHG">
                <policyType>tax</policyType>
                <min-price fillout="1" year="2020">1.0</min-price>
                <market>ROW</market>
                <constraint year="2025">3141.9021834956</constraint>
                <constraint year="2030">3350.33667133462</constraint>
                <constraint year="2035">3462.05761676576</constraint>
                <constraint year="2040">3554.39782290813</constraint>
                <constraint year="2045">3624.03088918996</constraint>
                <constraint year="2050">3664.63610596804</constraint>
                <constraint year="2055">3684.73632937139</constraint>
                <constraint year="2060">3684.29636087402</constraint>
                <constraint year="2065">3661.69171082303</constraint>
                <constraint year="2070">3615.51306971221</constraint>
                <constraint year="2075">3549.91962814722</constraint>
                <constraint year="2080">3467.59175563126</constraint>
                <constraint year="2085">3371.0214435365</constraint>
                <constraint year="2090">3263.66543185258</constraint>
                <constraint year="2095">3148.22495567175</constraint>
                <constraint year="2100">3026.18436343754</constraint>
            </policy-portfolio-standard>
        </region>
        <region name="Japan">
            <policy-portfolio-standard name="GHG">
                <policyType>tax</policyType>
                <min-price fillout="1" year="2020">1.0</min-price>
                <market>ROW</market>
                <constraint year="2025">3141.9021834956</constraint>
                <constraint year="2030">3350.33667133462</constraint>
                <constraint year="2035">3462.05761676576</constraint>
                <constraint year="2040">3554.39782290813</constraint>
                <constraint year="2045">3624.03088918996</constraint>
                <constraint year="2050">3664.63610596804</constraint>
                <constraint year="2055">3684.73632937139</constraint>
                <constraint year="2060">3684.29636087402</constraint>
                <constraint year="2065">3661.69171082303</constraint>
                <constraint year="2070">3615.51306971221</constraint>
                <constraint year="2075">3549.91962814722</constraint>
                <constraint year="2080">3467.59175563126</constraint>
                <constraint year="2085">3371.0214435365</constraint>
                <constraint year="2090">3263.66543185258</constraint>
                <constraint year="2095">3148.22495567175</constraint>
                <constraint year="2100">3026.18436343754</constraint>
            </policy-portfolio-standard>
        </region>
        <region name="Mexico">
            <policy-portfolio-standard name="GHG">
                <policyType>tax</policyType>
                <min-price fillout="1" year="2020">1.0</min-price>
                <market>Mexico</market>
                <constraint year="2025">442.056255027798</constraint>
                <constraint year="2030">472.971935334438</constraint>
                <constraint year="2035">487.723104353445</constraint>
                <constraint year="2040">498.062600711007</constraint>
                <constraint year="2045">505.894022629951</constraint>
                <constraint year="2050">512.143068802654</constraint>
                <constraint year="2055">516.017053197616</constraint>
                <constraint year="2060">516.461082111047</constraint>
                <constraint year="2065">515.05540081875</constraint>
                <constraint year="2070">511.141237308078</constraint>
                <constraint year="2075">505.291371955995</constraint>
                <constraint year="2080">497.469206443433</constraint>
                <constraint year="2085">487.66505518412</constraint>
                <constraint year="2090">476.40176449445</constraint>
                <constraint year="2095">463.997097850328</constraint>
                <constraint year="2100">450.435762559383</constraint>
            </policy-portfolio-standard>
        </region>
        <region name="Middle East">
            <policy-portfolio-standard name="GHG">
                <policyType>tax</policyType>
                <min-price fillout="1" year="2020">1.0</min-price>
                <market>Middle East</market>
                <constraint year="2025">2016.86221484317</constraint>
                <constraint year="2030">1985.53480752013</constraint>
                <constraint year="2035">2014.20612893067</constraint>
                <constraint year="2040">2042.81728644469</constraint>
                <constraint year="2045">2071.54291976454</constraint>
                <constraint year="2050">2038.14008762054</constraint>
                <constraint year="2055">1991.36355362657</constraint>
                <constraint year="2060">1939.32023227367</constraint>
                <constraint year="2065">1882.9331892494</constraint>
                <constraint year="2070">1818.20826013956</constraint>
                <constraint year="2075">1745.41954130317</constraint>
                <constraint year="2080">1668.59872487482</constraint>
                <constraint year="2085">1588.76890730263</constraint>
                <constraint year="2090">1508.22944262915</constraint>
                <constraint year="2095">1427.17760965133</constraint>
                <constraint year="2100">1345.14014950337</constraint>
            </policy-portfolio-standard>
        </region>
        <region name="Pakistan">
            <policy-portfolio-standard name="GHG">
                <policyType>tax</policyType>
                <min-price fillout="1" year="2020">1.0</min-price>
                <market>CenAsiaEastEur</market>
                <constraint year="2025">1521.30254790928</constraint>
                <constraint year="2030">1480.64951011821</constraint>
                <constraint year="2035">1485.63153355628</constraint>
                <constraint year="2040">1493.20873685632</constraint>
                <constraint year="2045">1501.8634660735</constraint>
                <constraint year="2050">1502.72581586617</constraint>
                <constraint year="2055">1510.56550391167</constraint>
                <constraint year="2060">1523.03717280106</constraint>
                <constraint year="2065">1534.91684389933</constraint>
                <constraint year="2070">1550.04789955642</constraint>
                <constraint year="2075">1562.43575674045</constraint>
                <constraint year="2080">1573.43513125236</constraint>
                <constraint year="2085">1584.27231752708</constraint>
                <constraint year="2090">1594.33971162989</constraint>
                <constraint year="2095">1602.22799831016</constraint>
                <constraint year="2100">1611.59639831188</constraint>
            </policy-portfolio-standard>
        </region>
        <region name="Russia">
            <policy-portfolio-standard name="GHG">
                <policyType>tax</policyType>
                <min-price fillout="1" year="2020">1.0</min-price>
                <market>Russia</market>
                <constraint year="2025">1217.59876926882</constraint>
                <constraint year="2030">1231.12257045482</constraint>
                <constraint year="2035">1116.06656316097</constraint>
                <constraint year="2040">988.504225653226</constraint>
                <constraint year="2045">854.138972653099</constraint>
                <constraint year="2050">725.132716784015</constraint>
                <constraint year="2055">614.919113597975</constraint>
                <constraint year="2060">528.033070206869</constraint>
                <constraint year="2065">453.069789247435</constraint>
                <constraint year="2070">386.631811151112</constraint>
                <constraint year="2075">326.774391676947</constraint>
                <constraint year="2080">274.176455377224</constraint>
                <constraint year="2085">229.246584743834</constraint>
                <constraint year="2090">191.475966680116</constraint>
                <constraint year="2095">159.722916367588</constraint>
                <constraint year="2100">132.666425154245</constraint>
            </policy-portfolio-standard>
        </region>
        <region name="South Africa">
            <policy-portfolio-standard name="GHG">
                <policyType>tax</policyType>
                <min-price fillout="1" year="2020">1.0</min-price>
                <market>South Africa</market>
                <constraint year="2025">396.088956660899</constraint>
                <constraint year="2030">374.496056584632</constraint>
                <constraint year="2035">340.973111122792</constraint>
                <constraint year="2040">306.202095677049</constraint>
                <constraint year="2045">271.241914390466</constraint>
                <constraint year="2050">237.350242502356</constraint>
                <constraint year="2055">206.154160016468</constraint>
                <constraint year="2060">178.237222936341</constraint>
                <constraint year="2065">152.999398690693</constraint>
                <constraint year="2070">130.298381956669</constraint>
                <constraint year="2075">110.216923209968</constraint>
                <constraint year="2080">92.5763314841672</constraint>
                <constraint year="2085">77.2470703496225</constraint>
                <constraint year="2090">64.0882491462459</constraint>
                <constraint year="2095">52.8704177644189</constraint>
                <constraint year="2100">43.3652931163437</constraint>
            </policy-portfolio-standard>
        </region>
        <region name="South America_Northern">
            <policy-portfolio-standard name="GHG">
                <policyType>tax</policyType>
                <min-price fillout="1" year="2020">1.0</min-price>
                <market>LCA</market>
                <constraint year="2025">1019.51096564266</constraint>
                <constraint year="2030">1054.90654938638</constraint>
                <constraint year="2035">1080.83087428661</constraint>
                <constraint year="2040">1099.82874326611</constraint>
                <constraint year="2045">1111.16222892403</constraint>
                <constraint year="2050">1114.01891638969</constraint>
                <constraint year="2055">1110.44288066276</constraint>
                <constraint year="2060">1100.79636383974</constraint>
                <constraint year="2065">1085.07456656138</constraint>
                <constraint year="2070">1064.30209849588</constraint>
                <constraint year="2075">1039.6149852451</constraint>
                <constraint year="2080">1010.87401363066</constraint>
                <constraint year="2085">978.565663464036</constraint>
                <constraint year="2090">943.439781928961</constraint>
                <constraint year="2095">906.342501939084</constraint>
                <constraint year="2100">867.696881560663</constraint>
            </policy-portfolio-standard>
        </region>
        <region name="South America_Southern">
            <policy-portfolio-standard name="GHG">
                <policyType>tax</policyType>
                <min-price fillout="1" year="2020">1.0</min-price>
                <market>LCA</market>
                <constraint year="2025">1019.51096564266</constraint>
                <constraint year="2030">1054.90654938638</constraint>
                <constraint year="2035">1080.83087428661</constraint>
                <constraint year="2040">1099.82874326611</constraint>
                <constraint year="2045">1111.16222892403</constraint>
                <constraint year="2050">1114.01891638969</constraint>
                <constraint year="2055">1110.44288066276</constraint>
                <constraint year="2060">1100.79636383974</constraint>
                <constraint year="2065">1085.07456656138</constraint>
                <constraint year="2070">1064.30209849588</constraint>
                <constraint year="2075">1039.6149852451</constraint>
                <constraint year="2080">1010.87401363066</constraint>
                <constraint year="2085">978.565663464036</constraint>
                <constraint year="2090">943.439781928961</constraint>
                <constraint year="2095">906.342501939084</constraint>
                <constraint year="2100">867.696881560663</constraint>
            </policy-portfolio-standard>
        </region>
        <region name="South Asia">
            <policy-portfolio-standard name="GHG">
                <policyType>tax</policyType>
                <min-price fillout="1" year="2020">1.0</min-price>
                <market>ROW</market>
                <constraint year="2025">3141.9021834956</constraint>
                <constraint year="2030">3350.33667133462</constraint>
                <constraint year="2035">3462.05761676576</constraint>
                <constraint year="2040">3554.39782290813</constraint>
                <constraint year="2045">3624.03088918996</constraint>
                <constraint year="2050">3664.63610596804</constraint>
                <constraint year="2055">3684.73632937139</constraint>
                <constraint year="2060">3684.29636087402</constraint>
                <constraint year="2065">3661.69171082303</constraint>
                <constraint year="2070">3615.51306971221</constraint>
                <constraint year="2075">3549.91962814722</constraint>
                <constraint year="2080">3467.59175563126</constraint>
                <constraint year="2085">3371.0214435365</constraint>
                <constraint year="2090">3263.66543185258</constraint>
                <constraint year="2095">3148.22495567175</constraint>
                <constraint year="2100">3026.18436343754</constraint>
            </policy-portfolio-standard>
        </region>
        <region name="South Korea">
            <policy-portfolio-standard name="GHG">
                <policyType>tax</policyType>
                <min-price fillout="1" year="2020">1.0</min-price>
                <market>South Korea</market>
                <constraint year="2025">647.988991477493</constraint>
                <constraint year="2030">669.116097812285</constraint>
                <constraint year="2035">654.922181858594</constraint>
                <constraint year="2040">628.258063511328</constraint>
                <constraint year="2045">593.944101473111</constraint>
                <constraint year="2050">553.993089747084</constraint>
                <constraint year="2055">512.867000008971</constraint>
                <constraint year="2060">468.455806750415</constraint>
                <constraint year="2065">424.854912822373</constraint>
                <constraint year="2070">385.130916968827</constraint>
                <constraint year="2075">347.27801372741</constraint>
                <constraint year="2080">312.801977822395</constraint>
                <constraint year="2085">281.09096458217</constraint>
                <constraint year="2090">251.864911164635</constraint>
                <constraint year="2095">225.075964124681</constraint>
                <constraint year="2100">200.752939284047</constraint>
            </policy-portfolio-standard>
        </region>
        <region name="Southeast Asia">
            <policy-portfolio-standard name="GHG">
                <policyType>tax</policyType>
                <min-price fillout="1" year="2020">1.0</min-price>
                <market>ROW</market>
                <constraint year="2025">3141.9021834956</constraint>
                <constraint year="2030">3350.33667133462</constraint>
                <constraint year="2035">3462.05761676576</constraint>
                <constraint year="2040">3554.39782290813</constraint>
                <constraint year="2045">3624.03088918996</constraint>
                <constraint year="2050">3664.63610596804</constraint>
                <constraint year="2055">3684.73632937139</constraint>
                <constraint year="2060">3684.29636087402</constraint>
                <constraint year="2065">3661.69171082303</constraint>
                <constraint year="2070">3615.51306971221</constraint>
                <constraint year="2075">3549.91962814722</constraint>
                <constraint year="2080">3467.59175563126</constraint>
                <constraint year="2085">3371.0214435365</constraint>
                <constraint year="2090">3263.66543185258</constraint>
                <constraint year="2095">3148.22495567175</constraint>
                <constraint year="2100">3026.18436343754</constraint>
            </policy-portfolio-standard>
        </region>
        <region name="Taiwan">
            <policy-portfolio-standard name="GHG">
                <policyType>tax</policyType>
                <min-price fillout="1" year="2020">1.0</min-price>
                <market>China</market>
                <constraint year="2025">13282.1646222111</constraint>
                <constraint year="2030">13568.505038068</constraint>
                <constraint year="2035">12976.6029806064</constraint>
                <constraint year="2040">12023.0708781004</constraint>
                <constraint year="2045">10882.6643232857</constraint>
                <constraint year="2050">9610.0047446309</constraint>
                <constraint year="2055">8310.64137645147</constraint>
                <constraint year="2060">7122.50004557834</constraint>
                <constraint year="2065">6061.81076332685</constraint>
                <constraint year="2070">5125.54530001363</constraint>
                <constraint year="2075">4301.50749605752</constraint>
                <constraint year="2080">3596.62316624595</constraint>
                <constraint year="2085">2991.68382443854</constraint>
                <constraint year="2090">2481.72797747833</constraint>
                <constraint year="2095">2055.64058730911</constraint>
                <constraint year="2100">1701.5489759883</constraint>
            </policy-portfolio-standard>
        </region>
    </world>
</scenario>
