<?xml version="1.0" encoding="UTF-8"?>
<scenario>
    <world>
        <region name="USA">
            <supplysector name="trn_pass_road_LDV_4W">
                <tranSubsector name="Car">
                    <stub-technology name="Hybrid Liquids">
                        <period year="2020">
                            <minicam-energy-input name="refined liquids enduse">
                                <coefficient>1606.77</coefficient>
                                <market-name>USA</market-name>
                            </minicam-energy-input>
                        </period>
                        <period year="2025">
                            <minicam-energy-input name="refined liquids enduse">
                                <coefficient>1365.14</coefficient>
                                <market-name>USA</market-name>
                            </minicam-energy-input>
                        </period>
                        <period year="2030">
                            <minicam-energy-input name="refined liquids enduse">
                                <coefficient>1235.67</coefficient>
                                <market-name>USA</market-name>
                            </minicam-energy-input>
                        </period>
                        <period year="2035">
                            <minicam-energy-input name="refined liquids enduse">
                                <coefficient>1170.94</coefficient>
                                <market-name>USA</market-name>
                            </minicam-energy-input>
                        </period>
                        <period year="2040">
                            <minicam-energy-input name="refined liquids enduse">
                                <coefficient>1106.2</coefficient>
                                <market-name>USA</market-name>
                            </minicam-energy-input>
                        </period>
                        <period year="2045">
                            <minicam-energy-input name="refined liquids enduse">
                                <coefficient>1041.47</coefficient>
                                <market-name>USA</market-name>
                            </minicam-energy-input>
                        </period>
                        <period year="2050">
                            <minicam-energy-input name="refined liquids enduse">
                                <coefficient>976.73</coefficient>
                                <market-name>USA</market-name>
                            </minicam-energy-input>
                        </period>
                    </stub-technology>
                    <stub-technology name="Liquids">
                        <period year="2020">
                            <minicam-energy-input name="refined liquids enduse">
                                <coefficient>1784.51</coefficient>
                                <market-name>USA</market-name>
                            </minicam-energy-input>
                        </period>
                        <period year="2025">
                            <minicam-energy-input name="refined liquids enduse">
                                <coefficient>1515.66</coefficient>
                                <market-name>USA</market-name>
                            </minicam-energy-input>
                        </period>
                        <period year="2030">
                            <minicam-energy-input name="refined liquids enduse">
                                <coefficient>1371.46</coefficient>
                                <market-name>USA</market-name>
                            </minicam-energy-input>
                        </period>
                        <period year="2035">
                            <minicam-energy-input name="refined liquids enduse">
                                <coefficient>1299.36</coefficient>
                                <market-name>USA</market-name>
                            </minicam-energy-input>
                        </period>
                        <period year="2040">
                            <minicam-energy-input name="refined liquids enduse">
                                <coefficient>1227.26</coefficient>
                                <market-name>USA</market-name>
                            </minicam-energy-input>
                        </period>
                        <period year="2045">
                            <minicam-energy-input name="refined liquids enduse">
                                <coefficient>1155.16</coefficient>
                                <market-name>USA</market-name>
                            </minicam-energy-input>
                        </period>
                        <period year="2050">
                            <minicam-energy-input name="refined liquids enduse">
                                <coefficient>1083.06</coefficient>
                                <market-name>USA</market-name>
                            </minicam-energy-input>
                        </period>
                    </stub-technology>
                </tranSubsector>
                <tranSubsector name="Large Car and Truck">
                    <stub-technology name="Hybrid Liquids">
                        <period year="2020">
                            <minicam-energy-input name="refined liquids enduse">
                                <coefficient>2109.92</coefficient>
                                <market-name>USA</market-name>
                            </minicam-energy-input>
                        </period>
                        <period year="2025">
                            <minicam-energy-input name="refined liquids enduse">
                                <coefficient>1798.47</coefficient>
                                <market-name>USA</market-name>
                            </minicam-energy-input>
                        </period>
                        <period year="2030">
                            <minicam-energy-input name="refined liquids enduse">
                                <coefficient>1626.21</coefficient>
                                <market-name>USA</market-name>
                            </minicam-energy-input>
                        </period>
                        <period year="2035">
                            <minicam-energy-input name="refined liquids enduse">
                                <coefficient>1540.08</coefficient>
                                <market-name>USA</market-name>
                            </minicam-energy-input>
                        </period>
                        <period year="2040">
                            <minicam-energy-input name="refined liquids enduse">
                                <coefficient>1453.95</coefficient>
                                <market-name>USA</market-name>
                            </minicam-energy-input>
                        </period>
                        <period year="2045">
                            <minicam-energy-input name="refined liquids enduse">
                                <coefficient>1367.82</coefficient>
                                <market-name>USA</market-name>
                            </minicam-energy-input>
                        </period>
                        <period year="2050">
                            <minicam-energy-input name="refined liquids enduse">
                                <coefficient>1281.69</coefficient>
                                <market-name>USA</market-name>
                            </minicam-energy-input>
                        </period>
                    </stub-technology>
                    <stub-technology name="Liquids">
                        <period year="2020">
                            <minicam-energy-input name="refined liquids enduse">
                                <coefficient>2343.32</coefficient>
                                <market-name>USA</market-name>
                            </minicam-energy-input>
                        </period>
                        <period year="2025">
                            <minicam-energy-input name="refined liquids enduse">
                                <coefficient>1996.76</coefficient>
                                <market-name>USA</market-name>
                            </minicam-energy-input>
                        </period>
                        <period year="2030">
                            <minicam-energy-input name="refined liquids enduse">
                                <coefficient>1804.91</coefficient>
                                <market-name>USA</market-name>
                            </minicam-energy-input>
                        </period>
                        <period year="2035">
                            <minicam-energy-input name="refined liquids enduse">
                                <coefficient>1708.99</coefficient>
                                <market-name>USA</market-name>
                            </minicam-energy-input>
                        </period>
                        <period year="2040">
                            <minicam-energy-input name="refined liquids enduse">
                                <coefficient>1613.06</coefficient>
                                <market-name>USA</market-name>
                            </minicam-energy-input>
                        </period>
                        <period year="2045">
                            <minicam-energy-input name="refined liquids enduse">
                                <coefficient>1517.14</coefficient>
                                <market-name>USA</market-name>
                            </minicam-energy-input>
                        </period>
                        <period year="2050">
                            <minicam-energy-input name="refined liquids enduse">
                                <coefficient>1421.21</coefficient>
                                <market-name>USA</market-name>
                            </minicam-energy-input>
                        </period>
                    </stub-technology>
                </tranSubsector>
            </supplysector>
        </region>
    </world>
</scenario>
