<?xml version="1.0" encoding="UTF-8"?>
<scenario>
    <world>
        <region name="USA">
            <supplysector name="trn_pass_road_LDV_4W">
                <tranSubsector name="Car">
                    <stub-technology name="Hybrid Liquids">
                    <interpolation-rule apply-to="share-weight" from-year="2050" to-year="2100" delete="1"> 
                        <interpolation-function name="fixed"/>
                    </interpolation-rule>

                        <period year="2020">
                            <share-weight>0.04</share-weight>
                        </period>
                        <period year="2025">
                            <share-weight>0.07</share-weight>
                        </period>
                        <period year="2030">
                            <share-weight>0.1</share-weight>
                        </period>
                        <period year="2035">
                            <share-weight>0.1</share-weight>
                        </period>
                        <period year="2040">
                            <share-weight>0.1</share-weight>
                        </period>
                        <period year="2045">
                            <share-weight>0.1</share-weight>
                        </period>
                        <period year="2050">
                            <share-weight>0.1</share-weight>
                        </period>
                    </stub-technology>
                </tranSubsector>
                <tranSubsector name="Large Car and Truck">
                    <stub-technology name="Hybrid Liquids">
                    <interpolation-rule apply-to="share-weight" from-year="2050" to-year="2100" delete="1"> 
                        <interpolation-function name="fixed"/>
                    </interpolation-rule>
                        <period year="2020">
                            <share-weight>0.04</share-weight>
                        </period>
                        <period year="2025">
                            <share-weight>0.07</share-weight>
                        </period>
                        <period year="2030">
                            <share-weight>0.1</share-weight>
                        </period>
                        <period year="2035">
                            <share-weight>0.1</share-weight>
                        </period>
                        <period year="2040">
                            <share-weight>0.1</share-weight>
                        </period>
                        <period year="2045">
                            <share-weight>0.1</share-weight>
                        </period>
                        <period year="2050">
                            <share-weight>0.1</share-weight>
                        </period>
                    </stub-technology>
                </tranSubsector>
            </supplysector>
        </region>
    </world>
</scenario>
