<?xml version="1.0" encoding="UTF-8"?><scenario>
  <world>
		<region name="USA">
            <linked-ghg-policy name="CO2">
                <price-adjust fillout="1" year="1975">0</price-adjust>
                <demand-adjust fillout="1" year="1975">0</demand-adjust>
                <market>USA</market>
                <linked-policy>GHG</linked-policy>
                <price-unit>1990$/tC</price-unit>
                <output-unit>MTC</output-unit>
                <price-adjust fillout="1" year="2020">1</price-adjust>
                <demand-adjust fillout="1" year="2020">3.666666667</demand-adjust>
                <price-adjust fillout="1" year="2025">1</price-adjust>
                <demand-adjust fillout="1" year="2025">3.666666667</demand-adjust>
            </linked-ghg-policy>
            <linked-ghg-policy name="CH4">
                <price-adjust fillout="1" year="1975">0</price-adjust>
                <demand-adjust fillout="1" year="1975">0</demand-adjust>
                <market>USA</market>
                <linked-policy>GHG</linked-policy>
                <price-unit>1990$/tCH4</price-unit>
                <output-unit>TgCH4</output-unit>
                <price-adjust fillout="1" year="2020">0</price-adjust>
                <demand-adjust fillout="1" year="2020">25</demand-adjust>
                <price-adjust fillout="1" year="2025">0</price-adjust>
                <demand-adjust fillout="1" year="2025">25</demand-adjust>
                
 
            </linked-ghg-policy>
            <linked-ghg-policy name="N2O">
                <price-adjust fillout="1" year="1975">0</price-adjust>
                <demand-adjust fillout="1" year="1975">0</demand-adjust>
                <market>USA</market>
                <linked-policy>GHG</linked-policy>
                <price-unit>1990$/tN2O</price-unit>
                <output-unit>TgN2O</output-unit>
                <price-adjust fillout="1" year="2020">0</price-adjust>
                <demand-adjust fillout="1" year="2020">298</demand-adjust>
                <price-adjust fillout="1" year="2025">0</price-adjust>
                <demand-adjust fillout="1" year="2025">298</demand-adjust>
                
            </linked-ghg-policy>
            <linked-ghg-policy name="C2F6">
                <price-adjust fillout="1" year="1975">0</price-adjust>
                <demand-adjust fillout="1" year="1975">0</demand-adjust>
                <market>USA</market>
                <linked-policy>GHG</linked-policy>
                <price-unit>1990$/tC2F6</price-unit>
                <output-unit>GgC2F6</output-unit>
                <price-adjust fillout="1" year="2020">0</price-adjust>
                <demand-adjust fillout="1" year="2020">12.2</demand-adjust>
                <price-adjust fillout="1" year="2025">0</price-adjust>
                <demand-adjust fillout="1" year="2025">12.2</demand-adjust>
                
            </linked-ghg-policy>
            <linked-ghg-policy name="CF4">
                <price-adjust fillout="1" year="1975">0</price-adjust>
                <demand-adjust fillout="1" year="1975">0</demand-adjust>
                <market>USA</market>
                <linked-policy>GHG</linked-policy>
                <price-unit>1990$/tCF4</price-unit>
                <output-unit>GgCF4</output-unit>
                <price-adjust fillout="1" year="2020">0</price-adjust>
                <demand-adjust fillout="1" year="2020">7.39</demand-adjust>
                <price-adjust fillout="1" year="2025">0</price-adjust>
                <demand-adjust fillout="1" year="2025">7.39</demand-adjust>
                
            </linked-ghg-policy>
            <linked-ghg-policy name="HFC125">
                <price-adjust fillout="1" year="1975">0</price-adjust>
                <demand-adjust fillout="1" year="1975">0</demand-adjust>
                <market>USA</market>
                <linked-policy>GHG</linked-policy>
                <price-unit>1990$/GgHFC125</price-unit>
                <output-unit>GgHFC125</output-unit>
                <price-adjust fillout="1" year="2020">0</price-adjust>
                <demand-adjust fillout="1" year="2020">3.5</demand-adjust>
                <price-adjust fillout="1" year="2025">0</price-adjust>
                <demand-adjust fillout="1" year="2025">3.5</demand-adjust>
                
            </linked-ghg-policy>
            <linked-ghg-policy name="HFC134a">
                <price-adjust fillout="1" year="1975">0</price-adjust>
                <demand-adjust fillout="1" year="1975">0</demand-adjust>
                <market>USA</market>
                <linked-policy>GHG</linked-policy>
                <price-unit>1990$/GgHFC134a</price-unit>
                <output-unit>GgHFC134a</output-unit>
                <price-adjust fillout="1" year="2020">0</price-adjust>
                <demand-adjust fillout="1" year="2020">1.43</demand-adjust>
                <price-adjust fillout="1" year="2025">0</price-adjust>
                <demand-adjust fillout="1" year="2025">1.43</demand-adjust>
                
            </linked-ghg-policy>
            <linked-ghg-policy name="HFC245fa">
                <price-adjust fillout="1" year="1975">0</price-adjust>
                <demand-adjust fillout="1" year="1975">0</demand-adjust>
                <market>USA</market>
                <linked-policy>GHG</linked-policy>
                <price-unit>1990$/GgHFC245fa</price-unit>
                <output-unit>GgHFC245fa</output-unit>
                <price-adjust fillout="1" year="2020">0</price-adjust>
                <demand-adjust fillout="1" year="2020">1.03</demand-adjust>
                <price-adjust fillout="1" year="2025">0</price-adjust>
                <demand-adjust fillout="1" year="2025">1.03</demand-adjust>
                
            </linked-ghg-policy>
            <linked-ghg-policy name="SF6">
                <price-adjust fillout="1" year="1975">0</price-adjust>
                <demand-adjust fillout="1" year="1975">0</demand-adjust>
                <market>USA</market>
                <linked-policy>GHG</linked-policy>
                <price-unit>1990$/tSF6</price-unit>
                <output-unit>GgSF6</output-unit>
                <price-adjust fillout="1" year="2020">0</price-adjust>
                <demand-adjust fillout="1" year="2020">22.8</demand-adjust>
                <price-adjust fillout="1" year="2025">0</price-adjust>
                <demand-adjust fillout="1" year="2025">22.8</demand-adjust>
                
            </linked-ghg-policy>
            <linked-ghg-policy name="CH4_AWB">
                <price-adjust fillout="1" year="1975">0</price-adjust>
                <demand-adjust fillout="1" year="1975">0</demand-adjust>
                <market>USA</market>
                <linked-policy>GHG</linked-policy>
                <price-unit>1990$/tCH4</price-unit>
                <output-unit>TgCH4</output-unit>
                <price-adjust fillout="1" year="2020">0</price-adjust>
                <demand-adjust fillout="1" year="2020">25</demand-adjust>
                <price-adjust fillout="1" year="2025">0</price-adjust>
                <demand-adjust fillout="1" year="2025">25</demand-adjust>
                
            </linked-ghg-policy>
            <linked-ghg-policy name="CH4_AGR">
                <price-adjust fillout="1" year="1975">0</price-adjust>
                <demand-adjust fillout="1" year="1975">0</demand-adjust>
                <market>USA</market>
                <linked-policy>GHG</linked-policy>
                <price-unit>1990$/tCH4</price-unit>
                <output-unit>TgCH4</output-unit>
                <price-adjust fillout="1" year="2020">0</price-adjust>
                <demand-adjust fillout="1" year="2020">25</demand-adjust>
                <price-adjust fillout="1" year="2025">0</price-adjust>
                <demand-adjust fillout="1" year="2025">25</demand-adjust>
                
            </linked-ghg-policy>
            <linked-ghg-policy name="N2O_AWB">
                <price-adjust fillout="1" year="1975">0</price-adjust>
                <demand-adjust fillout="1" year="1975">0</demand-adjust>
                <market>USA</market>
                <linked-policy>GHG</linked-policy>
                <price-unit>1990$/tN2O</price-unit>
                <output-unit>TgN2O</output-unit>
                <price-adjust fillout="1" year="2020">0</price-adjust>
                <demand-adjust fillout="1" year="2020">298</demand-adjust>
                <price-adjust fillout="1" year="2025">0</price-adjust>
                <demand-adjust fillout="1" year="2025">298</demand-adjust>
                
            </linked-ghg-policy>
            <linked-ghg-policy name="N2O_AGR">
                <price-adjust fillout="1" year="1975">0</price-adjust>
                <demand-adjust fillout="1" year="1975">0</demand-adjust>
                <market>USA</market>
                <linked-policy>GHG</linked-policy>
                <price-unit>1990$/tN2O</price-unit>
                <output-unit>TgN2O</output-unit>
                <price-adjust fillout="1" year="2020">0</price-adjust>
                <demand-adjust fillout="1" year="2020">298</demand-adjust>
                <price-adjust fillout="1" year="2025">0</price-adjust>
                <demand-adjust fillout="1" year="2025">298</demand-adjust>
                
            </linked-ghg-policy>
            <!--linked-ghg-policy name="CO2_LUC">
                <price-adjust fillout="1" year="1975">0</price-adjust>
                <demand-adjust fillout="1" year="1975">0</demand-adjust>
                <market>USA</market>
                <linked-policy>GHG</linked-policy>
                <price-unit>1990$/tC</price-unit>
                <output-unit>MTC</output-unit>
                <price-adjust fillout="1" year="2020">0</price-adjust>
                <demand-adjust fillout="1" year="2020">0</demand-adjust>
                <price-adjust fillout="1" year="2025">0.01</price-adjust>
                <demand-adjust fillout="1" year="2025">3.666666667</demand-adjust>
                
                
            </linked-ghg-policy-->
            <linked-ghg-policy name="HFC143a">
                <price-adjust fillout="1" year="1975">0</price-adjust>
                <demand-adjust fillout="1" year="1975">0</demand-adjust>
                <market>USA</market>
                <linked-policy>GHG</linked-policy>
                <price-unit>1990$/GgHFC143a</price-unit>
                <output-unit>GgHFC143a</output-unit>
                <price-adjust fillout="1" year="2020">0</price-adjust>
                <demand-adjust fillout="1" year="2020">4.47</demand-adjust>
                <price-adjust fillout="1" year="2025">0</price-adjust>
                <demand-adjust fillout="1" year="2025">4.47</demand-adjust>
                
            </linked-ghg-policy>
            <linked-ghg-policy name="HFC152a">
                <price-adjust fillout="1" year="1975">0</price-adjust>
                <demand-adjust fillout="1" year="1975">0</demand-adjust>
                <market>USA</market>
                <linked-policy>GHG</linked-policy>
                <price-unit>1990$/GgHFC152a</price-unit>
                <output-unit>GgHFC152a</output-unit>
                <price-adjust fillout="1" year="2020">0</price-adjust>
                <demand-adjust fillout="1" year="2020">0.124</demand-adjust>
                <price-adjust fillout="1" year="2025">0</price-adjust>
                <demand-adjust fillout="1" year="2025">0.124</demand-adjust>
                
            </linked-ghg-policy>
            <linked-ghg-policy name="HFC227ea">
                <price-adjust fillout="1" year="1975">0</price-adjust>
                <demand-adjust fillout="1" year="1975">0</demand-adjust>
                <market>USA</market>
                <linked-policy>GHG</linked-policy>
                <price-unit>1990$/GgHFC227ea</price-unit>
                <output-unit>GgHFC227ea</output-unit>
                <price-adjust fillout="1" year="2020">0</price-adjust>
                <demand-adjust fillout="1" year="2020">3.22</demand-adjust>
                <price-adjust fillout="1" year="2025">0</price-adjust>
                <demand-adjust fillout="1" year="2025">3.22</demand-adjust>
                
            </linked-ghg-policy>
            <linked-ghg-policy name="HFC23">
                <price-adjust fillout="1" year="1975">0</price-adjust>
                <demand-adjust fillout="1" year="1975">0</demand-adjust>
                <market>USA</market>
                <linked-policy>GHG</linked-policy>
                <price-unit>1990$/GgHFC23</price-unit>
                <output-unit>GgHFC23</output-unit>
                <price-adjust fillout="1" year="2020">0</price-adjust>
                <demand-adjust fillout="1" year="2020">14.8</demand-adjust>
                <price-adjust fillout="1" year="2025">0</price-adjust>
                <demand-adjust fillout="1" year="2025">14.8</demand-adjust>
                
            </linked-ghg-policy>
            <linked-ghg-policy name="HFC236fa">
                <price-adjust fillout="1" year="1975">0</price-adjust>
                <demand-adjust fillout="1" year="1975">0</demand-adjust>
                <market>USA</market>
                <linked-policy>GHG</linked-policy>
                <price-unit>1990$/GgHFC23fa</price-unit>
                <output-unit>GgHFC23fa</output-unit>
                <price-adjust fillout="1" year="2020">0</price-adjust>
                <demand-adjust fillout="1" year="2020">9.81</demand-adjust>
                <price-adjust fillout="1" year="2025">0</price-adjust>
                <demand-adjust fillout="1" year="2025">9.81</demand-adjust>
                
            </linked-ghg-policy>
            <linked-ghg-policy name="HFC32">
                <price-adjust fillout="1" year="1975">0</price-adjust>
                <demand-adjust fillout="1" year="1975">0</demand-adjust>
                <market>USA</market>
                <linked-policy>GHG</linked-policy>
                <price-unit>1990$/GgHFC32</price-unit>
                <output-unit>GgHFC32</output-unit>
                <price-adjust fillout="1" year="2020">0</price-adjust>
                <demand-adjust fillout="1" year="2020">0.675</demand-adjust>
                <price-adjust fillout="1" year="2025">0</price-adjust>
                <demand-adjust fillout="1" year="2025">0.675</demand-adjust>
                
                
            </linked-ghg-policy>
            <linked-ghg-policy name="HFC365mfc">
                <price-adjust fillout="1" year="1975">0</price-adjust>
                <demand-adjust fillout="1" year="1975">0</demand-adjust>
                <market>USA</market>
                <linked-policy>GHG</linked-policy>
                <price-unit>1990$/GgHFC365mfc</price-unit>
                <output-unit>GgHFC365mfc</output-unit>
                <price-adjust fillout="1" year="2020">0</price-adjust>
                <demand-adjust fillout="1" year="2020">0.794</demand-adjust>
                <price-adjust fillout="1" year="2025">0</price-adjust>
                <demand-adjust fillout="1" year="2025">0.794</demand-adjust>
                
                
            </linked-ghg-policy>
        </region>
  </world>
</scenario>
