<?xml version="1.0" encoding="UTF-8"?>
<scenario>
 <world>
        <region name="USA">
            <policy-portfolio-standard name="GHG">
                <policyType>tax</policyType>
                <market>USA</market>
               <min-price fillout="1" year="2055">1.0</min-price>
                <constraint year="2055">4800</constraint>
                <constraint year="2060">4800</constraint>
                <constraint year="2065">4800</constraint>
                <constraint year="2070">4800</constraint>
                <constraint year="2075">4800</constraint>
                <constraint year="2080">4800</constraint>
                <constraint year="2085">4800</constraint>
                <constraint year="2090">4800</constraint>
                <constraint year="2095">4800</constraint>
                <constraint year="2100">4800</constraint>
            </policy-portfolio-standard>
        </region>
 </world>
</scenario>