<?xml version="1.0" encoding="UTF-8"?><scenario>
    <world>
        <region name="USA">
            <ghgpolicy name="BECCS_ceiling">
                <market>USA</market>
                <constraint year="2020">300</constraint>
                <constraint year="2025">300</constraint>
                <constraint year="2030">300</constraint>
                <constraint year="2035">300</constraint>
                <constraint year="2040">300</constraint>
                <constraint year="2045">300</constraint>
                <constraint year="2050">300</constraint>
            </ghgpolicy>
        </region>
    </world>
</scenario>
