<?xml version="1.0" encoding="UTF-8"?><scenario name="CCSP450">
    <world>
        <region name="USA">
            <ghgpolicy name="CO2_LUC">
                <market>USA</market>
               
                <fixedTax year="2020">4</fixedTax>
                <fixedTax year="2025">15</fixedTax>
                <fixedTax year="2030">20</fixedTax>
                <fixedTax year="2035">40</fixedTax>
                <fixedTax year="2040">60</fixedTax>
                <fixedTax year="2045">75</fixedTax>
                <fixedTax year="2050">85</fixedTax>
            </ghgpolicy>
        </region>
    </world>
</scenario>
