<?xml version="1.0" encoding="UTF-8"?><scenario name="CCSP450">
    <world>
        <region name="USA">
            <ghgpolicy name="CO2_LUC">
                <market>USA</market>
               
                <fixedTax year="2020">10</fixedTax>
                <fixedTax year="2025">30</fixedTax>
                <fixedTax year="2030">40</fixedTax>
                <fixedTax year="2035">120</fixedTax>
                <fixedTax year="2040">160</fixedTax>
                <fixedTax year="2045">250</fixedTax>
                <fixedTax year="2050">400</fixedTax>
  				<fixedTax year="2055">350</fixedTax>
  				<fixedTax year="2060">350</fixedTax>
 				 <fixedTax year="2065">350</fixedTax>
  				<fixedTax year="2070">350</fixedTax>
 				 <fixedTax year="2075">350</fixedTax>
  				<fixedTax year="2080">350</fixedTax>
  				<fixedTax year="2085">350</fixedTax>
  				<fixedTax year="2090">350</fixedTax>
 				 <fixedTax year="2100">350</fixedTax>
            </ghgpolicy>
        </region>
    </world>
</scenario>
