<?xml version="1.0" encoding="UTF-8"?><scenario name="CCSP450">
    <world>
        <region name="USA">
            <ghgpolicy name="CO2_LUC">
                <market>USA</market>
               
                <fixedTax year="2020">5</fixedTax>
                <fixedTax year="2025">30</fixedTax>
                <fixedTax year="2030">40</fixedTax>
                <fixedTax year="2035">100</fixedTax>
                <fixedTax year="2040">160</fixedTax>
                <fixedTax year="2045">300</fixedTax>
                <fixedTax year="2050">350</fixedTax>
            </ghgpolicy>
        </region>
    </world>
</scenario>
