<?xml version="1.0" encoding="UTF-8"?><scenario name="CCSP450">
    <world>
        <region name="USA">
            <ghgpolicy name="CO2_LUC">
                <market>USA</market>
                <isFixedTax>1</isFixedTax>
                <fixedTax year="2020">0</fixedTax>
                <fixedTax year="2025">0.45</fixedTax>
                <fixedTax year="2030">0.45</fixedTax>
                <fixedTax year="2035">0.9</fixedTax>
                <fixedTax year="2040">1.3</fixedTax>
                <fixedTax year="2045">3.5</fixedTax>
                <fixedTax year="2050">6</fixedTax>
            </ghgpolicy>
        </region>
    </world>
</scenario>
