<?xml version="1.0" encoding="UTF-8"?>
<scenario>
	<supply-demand-curve-saver name="globalcrude oil">
        <is-price-relative>1</is-price-relative>
		<price>0.500</price>
		<price>0.750</price>
		<price>0.999</price>
		<price>1.000</price>
		<price>1.001</price>
		<price>1.250</price>
		<price>1.500</price>
	</supply-demand-curve-saver>
	<supply-demand-curve-saver name="globalnatural gas">
        <is-price-relative>1</is-price-relative>
		<price>0.500</price>
		<price>0.750</price>
		<price>0.999</price>
		<price>1.000</price>
		<price>1.001</price>
		<price>1.250</price>
		<price>1.500</price>
	</supply-demand-curve-saver>
	<supply-demand-curve-saver name="USAbiomass">
        <is-price-relative>1</is-price-relative>
		<price>0.500</price>
		<price>0.750</price>
		<price>0.999</price>
		<price>1.000</price>
		<price>1.001</price>
		<price>1.250</price>
		<price>1.500</price>
	</supply-demand-curve-saver>	
</scenario>
