<?xml version="1.0" encoding="UTF-8"?>
<scenario>
   <world>
      <region name="USA">
         <supplysector name="trn_freight_road">
            <tranSubsector name="Light truck">
               <stub-technology name="BEV">
                  <interpolation-rule apply-to="share-weight" from-year="2050" to-year="2100" delete="1"> 
                      <interpolation-function name="fixed"/>
                  </interpolation-rule>                  
                  <period year="2020">
                     <share-weight>0</share-weight>
                  </period>
                  <period year="2025">
                     <share-weight>0.06</share-weight>
                  </period>
                  <period year="2030">
                     <share-weight>1.25</share-weight>
                  </period>
                  <period year="2035">
                     <share-weight>2.5</share-weight>
                  </period>
                  <period year="2040">
                     <share-weight>5</share-weight>
                  </period>
                  <period year="2045">
                     <share-weight>7.5</share-weight>
                  </period>
                  <period year="2050">
                     <share-weight>10</share-weight>
                  </period>
               </stub-technology>
               <stub-technology name="FCEV">
                  <interpolation-rule apply-to="share-weight" from-year="2050" to-year="2100" delete="1"> 
                      <interpolation-function name="fixed"/>
                  </interpolation-rule>                      
                  <period year="2020">
                     <share-weight>0</share-weight>
                  </period>
                  <period year="2025">
                     <share-weight>0.06</share-weight>
                  </period>
                  <period year="2030">
                     <share-weight>1.25</share-weight>
                  </period>
                  <period year="2035">
                     <share-weight>2.5</share-weight>
                  </period>
                  <period year="2040">
                     <share-weight>5</share-weight>
                  </period>
                  <period year="2045">
                     <share-weight>7.5</share-weight>
                  </period>
                  <period year="2050">
                     <share-weight>10</share-weight>
                  </period>
               </stub-technology>               
            </tranSubsector>

            <tranSubsector name="Medium truck">
               <stub-technology name="BEV">
                  <interpolation-rule apply-to="share-weight" from-year="2050" to-year="2100" delete="1"> 
                      <interpolation-function name="fixed"/>
                  </interpolation-rule>                
   		         <period year="2020">
                     <share-weight>0</share-weight>
                  </period>
                  <period year="2025">
                     <share-weight>0.06</share-weight>
                  </period>
                  <period year="2030">
                     <share-weight>1.25</share-weight>
                  </period>
                  <period year="2035">
                     <share-weight>2.5</share-weight>
                  </period>
                  <period year="2040">
                     <share-weight>5</share-weight>
                  </period>
                  <period year="2045">
                     <share-weight>7.5</share-weight>
                  </period>
                  <period year="2050">
                     <share-weight>10</share-weight>
                  </period>
               </stub-technology>
               <stub-technology name="FCEV"> 
                  <interpolation-rule apply-to="share-weight" from-year="2050" to-year="2100" delete="1"> 
                      <interpolation-function name="fixed"/>
                  </interpolation-rule>               
                  <period year="2020">
                     <share-weight>0</share-weight>
                  </period>
                  <period year="2025">
                     <share-weight>0.06</share-weight>
                  </period>
                  <period year="2030">
                     <share-weight>1.25</share-weight>
                  </period>
                  <period year="2035">
                     <share-weight>2.5</share-weight>
                  </period>
                  <period year="2040">
                     <share-weight>5</share-weight>
                  </period>
                  <period year="2045">
                     <share-weight>7.5</share-weight>
                  </period>
                  <period year="2050">
                     <share-weight>10</share-weight>
                  </period>
               </stub-technology>                              
            </tranSubsector>

            <tranSubsector name="Heavy truck">
               <stub-technology name="BEV">   
                  <interpolation-rule apply-to="share-weight" from-year="2050" to-year="2100" delete="1"> 
                      <interpolation-function name="fixed"/>
                  </interpolation-rule>             
                  <period year="2020">
                     <share-weight>0</share-weight>
                  </period>
                  <period year="2025">
                     <share-weight>0.06</share-weight>
                  </period>
                  <period year="2030">
                     <share-weight>1.25</share-weight>
                  </period>
                  <period year="2035">
                     <share-weight>2.5</share-weight>
                  </period>
                  <period year="2040">
                     <share-weight>5</share-weight>
                  </period>
                  <period year="2045">
                     <share-weight>7.5</share-weight>
                  </period>
                  <period year="2050">
                     <share-weight>10</share-weight>
                  </period>
               </stub-technology>
               <stub-technology name="FCEV"> 
                  <interpolation-rule apply-to="share-weight" from-year="2050" to-year="2100" delete="1"> 
                      <interpolation-function name="fixed"/>
                  </interpolation-rule>               
                  <period year="2020">
                     <share-weight>0</share-weight>
                  </period>
                  <period year="2025">
                     <share-weight>0.06</share-weight>
                  </period>
                  <period year="2030">
                     <share-weight>1.25</share-weight>
                  </period>
                  <period year="2035">
                     <share-weight>2.5</share-weight>
                  </period>
                  <period year="2040">
                     <share-weight>5</share-weight>
                  </period>
                  <period year="2045">
                     <share-weight>7.5</share-weight>
                  </period>
                  <period year="2050">
                     <share-weight>10</share-weight>
                  </period>
               </stub-technology>                              
            </tranSubsector>
            
         </supplysector>        
      </region>
   </world>
</scenario>
